tweet_id,name,stage,rating_numerator,rating_denominator,rating_normal,likes,retweets
890240255349198849,Cassie,doggo,14.0,10,1.4,28902,6361
884162670584377345,Yogi,doggo,12.0,10,1.2,18522,2609
872967104147763200,,doggo,12.0,10,1.2,24881,4751
871515927908634625,Napolean,doggo,12.0,10,1.2,18462,3063
869596645499047938,Scout,doggo,12.0,10,1.2,14675,2758
858843525470990336,,doggo,13.0,10,1.3,14577,3163
846514051647705089,Barney,doggo,13.0,10,1.3,42660,10875
845397057150107648,Mimosa,doggo,13.0,10,1.3,7320,1683
841439858740625411,,doggo,14.0,10,1.4,12151,3477
836753516572119041,Meera,doggo,12.0,10,1.2,18759,4437
834574053763584002,,doggo,13.0,10,1.3,13241,2412
832998151111966721,Rhino,doggo,13.0,10,1.3,12874,2112
832273440279240704,Smiley,doggo,14.0,10,1.4,11034,2241
832032802820481025,Miguel,doggo,12.0,10,1.2,17355,4488
831939777352105988,Emanuel,doggo,12.0,10,1.2,23316,5902
831322785565769729,Pete,doggo,12.0,10,1.2,9035,1494
829449946868879360,,doggo,11.0,10,1.1,10192,1937
829374341691346946,Astrid,doggo,13.0,10,1.3,,
828381636999917570,Doobert,doggo,14.0,10,1.4,12274,2146
826958653328592898,Loki,doggo,12.0,10,1.2,21015,4811
826848821049180160,Cupid,doggo,13.0,10,1.3,35276,9784
826476773533745153,Pilot,doggo,12.0,10,1.2,17942,4048
826204788643753985,,doggo,13.0,10,1.3,4753,884
821765923262631936,Duchess,doggo,13.0,10,1.3,8201,1614
821407182352777218,Sundance,doggo,14.0,10,1.4,11479,4180
821107785811234820,,doggo,11.0,10,1.1,9388,2064
819924195358416896,,doggo,11.0,10,1.1,12652,4733
819006400881917954,Sunny,doggo,14.0,10,1.4,44464,18525
819004803107983360,Bo,doggo,14.0,10,1.4,85330,35980
815990720817401858,Jack,doggo,11.0,10,1.1,4844,985
813910438903693312,Chubbs,doggo,11.0,10,1.1,9138,1810
813202720496779264,,doggo,11.0,10,1.1,9070,1773
813127251579564032,,doggo,11.0,10,1.1,11585,3033
813096984823349248,Rocky,doggo,11.0,10,1.1,10375,3535
808106460588765185,Dexter,doggo,12.0,10,1.2,8667,2155
800018252395122689,,doggo,11.0,10,1.1,27867,12843
799757965289017345,Sobe,doggo,13.0,10,1.3,8256,2108
796484825502875648,,doggo,12.0,10,1.2,7447,1718
795464331001561088,,doggo,13.0,10,1.3,48652,23014
786363235746385920,Rizzo,doggo,13.0,10,1.3,10687,3382
785639753186217984,Pinot,doggo,10.0,10,1.0,7729,2186
782747134529531904,Deacon,doggo,11.0,10,1.1,7319,1375
782305867769217024,Sampson,doggo,12.0,10,1.2,16310,5389
775733305207554048,Anakin,doggo,11.0,10,1.1,13549,3868
775364825476165632,Finley,doggo,11.0,10,1.1,7207,2857
772877495989305348,,doggo,11.0,10,1.1,8342,3744
768193404517830656,Gerald,doggo,8.0,10,0.8,10582,3414
767191397493538821,,doggo,13.0,10,1.3,11958,3624
760893934457552897,Wishes,doggo,11.0,10,1.1,3706,931
759793422261743616,Maggie,doggo,12.0,10,1.2,5781,1841
758828659922702336,,doggo,13.0,10,1.3,10871,3705
757393109802180609,,doggo,10.0,10,1.0,5634,1665
756526248105566208,,doggo,13.0,10,1.3,10077,3450
755206590534418437,,doggo,14.0,10,1.4,15920,5136
753420520834629632,,doggo,11.0,10,1.1,7612,3408
752682090207055872,,doggo,10.0,10,1.0,5819,1530
752660715232722944,,doggo,10.0,10,1.0,4234,1499
752334515931054080,,doggo,8.0,10,0.8,3699,1058
751583847268179968,,doggo,5.0,10,0.5,4248,1053
750011400160841729,Piper,doggo,11.0,10,1.1,3121,867
749036806121881602,Dietrich,doggo,8.0,10,0.8,2994,762
748932637671223296,Divine,doggo,13.0,10,1.3,5594,2155
748692773788876800,,doggo,10.0,10,1.0,4096,1282
745433870967832576,Lenox,doggo,10.0,10,1.0,6798,2433
744234799360020481,,doggo,13.0,10,1.3,150118,74068
741067306818797568,,doggo,12.0,10,1.2,9173,2940
739238157791694849,,doggo,13.0,10,1.3,111081,55192
735256018284875776,Kellogg,doggo,8.0,10,0.8,3193,837
733109485275860992,,doggo,12.0,10,1.2,51153,16241
732375214819057664,Kyle,doggo,11.0,10,1.1,7745,2384
731156023742988288,,doggo,204.0,170,1.2,3670,1205
727644517743104000,,doggo,13.0,10,1.3,5610,1661
724771698126512129,,doggo,11.0,10,1.1,2233,600
719991154352222208,,doggo,10.0,10,1.0,4631,1652
716080869887381504,,doggo,11.0,10,1.1,6492,1809
883360690899218434,Grizzwald,floofer,13.0,10,1.3,20588,3210
854010172552949760,,floofer,11.0,10,1.1,15345,2919
800388270626521089,Doc,floofer,12.0,10,1.2,10990,2752
776218204058357768,,floofer,13.0,10,1.3,29119,15333
749317047558017024,Blu,floofer,12.0,10,1.2,5297,2146
737445876994609152,,floofer,13.0,10,1.3,9815,4233
733822306246479872,Moose,floofer,10.0,10,1.0,3518,975
685307451701334016,Petrick,floofer,11.0,10,1.1,1997,416
886366144734445568,Roscoe,pupper,12.0,10,1.2,19159,2757
882762694511734784,Gus,pupper,12.0,10,1.2,25634,4258
881666595344535552,Gary,pupper,13.0,10,1.3,46018,9314
881536004380872706,,pupper,14.0,10,1.4,44893,13963
877611172832227328,,pupper,14.0,10,1.4,0,71
876838120628539392,Ginger,pupper,12.0,10,1.2,18831,2921
874296783580663808,Jed,pupper,13.0,10,1.3,23780,3631
873213775632977920,Sierra,pupper,12.0,10,1.2,6543,1389
871762521631449091,Rover,pupper,12.0,10,1.2,18491,3076
866450705531457537,Jamesy,pupper,13.0,10,1.3,112527,31534
854120357044912130,,pupper,14.0,10,1.4,30187,6918
850019790995546112,Boomer,pupper,12.0,10,1.2,19441,4564
845306882940190720,Pickles,pupper,12.0,10,1.2,22388,5078
839290600511926273,,pupper,10.0,10,1.0,0,137
837820167694528512,,pupper,12.0,10,1.2,32948,7491
837110210464448512,Clark,pupper,13.0,10,1.3,15550,2259
836380477523124226,Ava,pupper,12.0,10,1.2,14333,2869
833124694597443584,Gidget,pupper,12.0,10,1.2,19647,4650
831315979191906304,,pupper,13.0,10,1.3,6359,1076
827933404142436356,Kona,pupper,12.0,10,1.2,19549,5060
824325613288833024,,pupper,13.0,10,1.3,11551,10259
822462944365645825,Gabe,pupper,14.0,10,1.4,27260,13785
817777686764523521,Dido,pupper,13.0,10,1.3,10533,2605
815966073409433600,,pupper,13.0,10,1.3,21921,8200
814986499976527872,Cooper,pupper,11.0,10,1.1,7508,1242
811386762094317568,Craig,pupper,11.0,10,1.1,20563,6235
808733504066486276,,pupper,12.0,10,1.2,7763,2109
808106460588765185,Burke,pupper,12.0,10,1.2,8667,2155
807621403335917568,Ollie,pupper,14.0,10,1.4,14348,3530
803638050916102144,,pupper,13.0,10,1.3,10777,4059
801115127852503040,Bones,pupper,12.0,10,1.2,7943,2058
800459316964663297,,pupper,12.0,10,1.2,9363,2132
797971864723324932,,pupper,12.0,10,1.2,11398,3034
794205286408003585,Laika,pupper,14.0,10,1.4,9097,3251
779377524342161408,,pupper,12.0,10,1.2,8567,3010
778039087836069888,,pupper,12.0,10,1.2,8290,2562
778027034220126208,Sophie,pupper,11.27,10,1.13,6396,1555
776477788987613185,Huck,pupper,11.0,10,1.1,8599,2678
776113305656188928,Sampson,pupper,11.0,10,1.1,11495,4208
773985732834758656,Winnie,pupper,11.0,10,1.1,10479,3731
773547596996571136,Chelsea,pupper,11.0,10,1.1,21559,5945
772193107915964416,Willem,pupper,12.0,10,1.2,5862,1338
771004394259247104,,pupper,12.0,10,1.2,,
765371061932261376,Louie,pupper,11.0,10,1.1,6878,2093
759793422261743616,Lila,pupper,12.0,10,1.2,5781,1841
757597904299253760,,pupper,11.0,10,1.1,0,288
756939218950160384,Jax,pupper,12.0,10,1.2,6432,1923
755955933503782912,,pupper,12.0,10,1.2,7078,2756
751456908746354688,,pupper,12.0,10,1.2,3106,963
750868782890057730,Milo,pupper,11.0,10,1.1,4619,1308
750506206503038976,Malcolm,pupper,8.0,10,0.8,4292,1103
750383411068534784,Zoe,pupper,9.0,10,0.9,4401,1094
750071704093859840,,pupper,10.0,10,1.0,7548,3177
749417653287129088,Finn,pupper,11.0,10,1.1,5898,1574
748575535303884801,,pupper,6.0,10,0.6,5855,1907
747963614829678593,,pupper,10.0,10,1.0,5576,2049
746056683365994496,Arlen,pupper,11.0,10,1.1,3442,780
743222593470234624,,pupper,12.0,10,1.2,5964,1830
742465774154047488,,pupper,14.0,10,1.4,6974,3745
742150209887731712,Edmund,pupper,8.0,10,0.8,4903,1472
741743634094141440,Aqua,pupper,11.0,10,1.1,7841,2613
741067306818797568,,pupper,12.0,10,1.2,9173,2940
740676976021798912,Baloo,pupper,11.0,10,1.1,17424,6502
739606147276148736,Benji,pupper,9.0,10,0.9,5190,1576
737310737551491075,,pupper,13.0,10,1.3,14041,7050
736365877722001409,Rory,pupper,11.0,10,1.1,3817,1177
735648611367784448,,pupper,12.0,10,1.2,3881,1049
735137028879360001,Buckley,pupper,9.0,10,0.9,2996,925
733109485275860992,,pupper,12.0,10,1.2,51153,16241
730573383004487680,Rooney,pupper,10.0,10,1.0,4663,2023
728035342121635841,,pupper,12.0,10,1.2,4348,1581
728015554473250816,Rueben,pupper,11.0,10,1.1,3947,1042
727524757080539137,,pupper,10.0,10,1.0,4274,1152
727314416056803329,,pupper,11.0,10,1.1,3186,708
725786712245440512,Lillie,pupper,11.0,10,1.1,3988,1303
724405726123311104,Ashleigh,pupper,10.0,10,1.0,5055,1584
724004602748780546,Luther,pupper,11.0,10,1.1,4000,1461
721001180231503872,Oliver,pupper,11.0,10,1.1,2418,583
720340705894408192,Derek,pupper,10.0,10,1.0,2741,925
719704490224398336,Clyde,pupper,12.0,10,1.2,4341,1353
717790033953034240,,pupper,10.0,10,1.0,2732,1040
717009362452090881,Smokey,pupper,10.0,10,1.0,3095,912
714606013974974464,,pupper,12.0,10,1.2,3479,878
713900603437621249,,pupper,99.0,90,1.1,2722,696
711968124745228288,Winston,pupper,10.0,10,1.0,7707,2194
711008018775851008,Chuckles,pupper,11.0,10,1.1,2868,581
710658690886586372,,pupper,80.0,80,1.0,2221,534
710117014656950272,,pupper,11.0,10,1.1,5222,1882
709901256215666688,,pupper,12.0,10,1.2,639,98
708845821941387268,,pupper,9.0,10,0.9,2848,853
707411934438625280,,pupper,11.0,10,1.1,2203,569
707315916783140866,Finnegus,pupper,10.0,10,1.0,2375,603
706310011488698368,,pupper,12.0,10,1.2,20365,7502
705975130514706432,Adele,pupper,10.0,10,1.0,2973,693
705786532653883392,,pupper,11.0,10,1.1,1853,493
705428427625635840,Ambrose,pupper,11.0,10,1.1,3654,1591
704859558691414016,,pupper,10.0,10,1.0,2157,504
704761120771465216,,pupper,13.0,10,1.3,6368,2771
704347321748819968,Ralphson,pupper,10.0,10,1.0,1514,334
704054845121142784,,pupper,60.0,50,1.2,2802,877
703611486317502464,Scooter,pupper,10.0,10,1.0,3691,1455
703407252292673536,,pupper,10.0,10,1.0,2342,662
703268521220972544,,pupper,12.0,10,1.2,1901,518
702598099714314240,Sansa,pupper,11.0,10,1.1,11739,3280
701545186879471618,Millie,pupper,10.0,10,1.0,2561,581
700864154249383937,,pupper,12.0,10,1.2,2493,598
700151421916807169,,pupper,11.0,10,1.1,2157,643
700143752053182464,,pupper,10.0,10,1.0,7214,2583
699801817392291840,Cooper,pupper,11.0,10,1.1,2913,904
699434518667751424,,pupper,12.0,10,1.2,2094,493
699036661657767936,,pupper,13.0,10,1.3,2505,1148
697616773278015490,,pupper,11.0,10,1.1,3013,964
697596423848730625,,pupper,11.0,10,1.1,2886,1202
696877980375769088,Misty,pupper,9.0,10,0.9,2355,682
696713835009417216,Trevith,pupper,9.0,10,0.9,2273,617
695095422348574720,,pupper,12.0,10,1.2,2540,586
695074328191332352,Lorenzo,pupper,11.0,10,1.1,2716,1047
694356675654983680,,pupper,10.0,10,1.0,1442,273
694329668942569472,Grady,pupper,9.0,10,0.9,1917,480
693629975228977152,,pupper,12.0,10,1.2,2348,756
693590843962331137,Phil,pupper,3.0,10,0.3,4843,1860
693262851218264065,,pupper,11.0,10,1.1,2119,472
693095443459342336,Milo,pupper,10.0,10,1.0,1788,432
692905862751522816,Wally,pupper,10.0,10,1.0,2337,833
692828166163931137,,pupper,12.0,10,1.2,2760,851
692752401762250755,,pupper,13.0,10,1.3,6541,3480
692417313023332352,Herschel,pupper,7.0,10,0.7,8985,3293
690959652130045952,,pupper,11.0,10,1.1,3434,1184
690015576308211712,,pupper,12.0,10,1.2,2384,699
689905486972461056,Gizmo,pupper,11.0,10,1.1,2358,659
689623661272240129,Lucy,pupper,10.0,10,1.0,2141,615
689143371370250240,Trip,pupper,10.0,10,1.0,1945,479
688916208532455424,,pupper,11.0,10,1.1,2608,821
688894073864884227,Hamrick,pupper,7.0,10,0.7,2152,652
688519176466644993,,pupper,12.0,10,1.2,2227,698
688179443353796608,Lizzie,pupper,10.0,10,1.0,2051,559
687818504314159109,,pupper,12.0,10,1.2,2387,908
687704180304273409,Blakely,pupper,9.0,10,0.9,2340,803
687476254459715584,Curtis,pupper,11.0,10,1.1,1906,506
687312378585812992,,pupper,7.0,10,0.7,4188,1808
687096057537363968,,pupper,11.0,10,1.1,2147,577
686683045143953408,Mona,pupper,11.0,10,1.1,2711,764
686618349602762752,Olivia,pupper,11.0,10,1.1,3548,1294
686377065986265092,Birf,pupper,10.0,10,1.0,2123,538
686007916130873345,,pupper,11.0,10,1.1,2376,388
685943807276412928,,pupper,8.0,10,0.8,1558,557
685667379192414208,Marty,pupper,9.0,10,0.9,2262,536
685641971164143616,Otis,pupper,7.0,10,0.7,2798,728
685547936038666240,,pupper,14.0,10,1.4,31565,14812
685268753634967552,Hubertson,pupper,10.0,10,1.0,2969,1136
685169283572338688,Gerbald,pupper,11.0,10,1.1,3946,1353
684880619965411328,,pupper,5.0,10,0.5,2000,765
684225744407494656,,pupper,143.0,130,1.1,1192,196
684222868335505415,,pupper,121.0,110,1.1,3676,1299
684200372118904832,,pupper,6.0,10,0.6,2061,992
683857920510050305,Sadie,pupper,10.0,10,1.0,3660,1067
683834909291606017,,pupper,9.0,10,0.9,2521,1069
683828599284170753,,pupper,12.0,10,1.2,2690,1006
683481228088049664,Banjo,pupper,11.0,10,1.1,2559,953
683462770029932544,,pupper,8.0,10,0.8,2325,644
683142553609318400,Brandy,pupper,9.0,10,0.9,2753,990
683111407806746624,Larry,pupper,10.0,10,1.0,3261,867
683078886620553216,,pupper,9.0,10,0.9,1921,542
682788441537560576,,pupper,12.0,10,1.2,2380,1060
682406705142087680,Patrick,pupper,7.0,10,0.7,7248,1668
681891461017812993,Charlie,pupper,10.0,10,1.0,2367,777
681694085539872773,Bo,pupper,11.0,10,1.1,12271,3846
681679526984871937,,pupper,7.0,10,0.7,1687,417
681654059175129088,Toffee,pupper,12.0,10,1.2,2517,861
681231109724700672,,pupper,11.0,10,1.1,2310,464
680836378243002368,Ellie,pupper,12.0,10,1.2,3311,1253
680583894916304897,Penny,pupper,8.0,10,0.8,3468,1256
680494726643068929,,pupper,11.26,10,1.13,1645,463
680473011644985345,Hector,pupper,10.0,10,1.0,2435,714
680191257256136705,,pupper,11.0,10,1.1,2062,476
680176173301628928,,pupper,10.0,10,1.0,3721,1467
680145970311643136,Kawhi,pupper,10.0,10,1.0,3449,1653
680100725817409536,,pupper,11.0,10,1.1,3439,1301
679828447187857408,,pupper,13.0,10,1.3,34557,13256
679777920601223168,Rinna,pupper,10.0,10,1.0,2972,1037
679527802031484928,,pupper,11.0,10,1.1,2524,685
679503373272485890,Dwight,pupper,8.0,10,0.8,3026,1383
678800283649069056,,pupper,12.0,10,1.2,2446,854
678389028614488064,Bella,pupper,11.0,10,1.1,1769,395
678341075375947776,,pupper,12.0,10,1.2,1640,504
678278586130948096,,pupper,10.0,10,1.0,10854,5750
677557565589463040,,pupper,10.0,10,1.0,2321,1082
677269281705472000,,pupper,10.0,10,1.0,1863,665
676936541936185344,,pupper,8.0,10,0.8,12050,4646
676819651066732545,,pupper,12.0,10,1.2,1723,619
676617503762681856,,pupper,13.0,10,1.3,2716,894
676603393314578432,Godzilla,pupper,9.0,10,0.9,1096,358
676575501977128964,,pupper,8.0,10,0.8,2424,1047
676470639084101634,,pupper,11.0,10,1.1,10985,4378
676440007570247681,,pupper,11.0,10,1.1,1622,619
676263575653122048,,pupper,10.0,10,1.0,1971,507
675898130735476737,,pupper,10.0,10,1.0,1514,529
675853064436391936,,pupper,88.0,80,1.1,2527,1193
675845657354215424,Pepper,pupper,10.0,10,1.0,2131,813
675820929667219457,,pupper,11.0,10,1.1,983,223
675740360753160193,,pupper,12.0,10,1.2,1104,316
675432746517426176,,pupper,12.0,10,1.2,1416,530
675334060156301312,,pupper,12.0,10,1.2,2589,1197
675113801096802304,Zuzu,pupper,10.0,10,1.0,1816,728
675006312288268288,Mollie,pupper,10.0,10,1.0,910,208
674774481756377088,Superpup,pupper,11.0,10,1.1,1029,433
674737130913071104,Rufio,pupper,10.0,10,1.0,604,81
674664755118911488,Rodman,pupper,10.0,10,1.0,852,223
674638615994089473,,pupper,12.0,10,1.2,1570,540
674447403907457024,,pupper,10.0,10,1.0,991,330
674318007229923329,Lennon,pupper,8.0,10,0.8,1312,475
674262580978937856,Gus,pupper,9.0,10,0.9,1226,417
674045139690631169,,pupper,3.0,10,0.3,1310,593
674038233588723717,Kaiya,pupper,12.0,10,1.2,1029,390
673956914389192708,,pupper,10.0,10,1.0,1821,880
673919437611909120,Obie,pupper,11.0,10,1.1,1092,342
673707060090052608,Raymond,pupper,10.0,10,1.0,1027,359
673697980713705472,Pickles,pupper,8.0,10,0.8,3668,1788
673656262056419329,Albert,pupper,10.0,10,1.0,675,217
673612854080196609,Jeffri,pupper,7.0,10,0.7,1489,664
673363615379013632,,pupper,11.0,10,1.1,959,278
673342308415348736,Django,pupper,10.0,10,1.0,1183,520
673295268553605120,Eve,pupper,8.0,10,0.8,6988,2900
673148804208660480,Fletcher,pupper,8.0,10,0.8,1567,575
672988786805112832,Schnozz,pupper,10.0,10,1.0,911,266
672975131468300288,Chuckles,pupper,10.0,10,1.0,1558,824
672970152493887488,Chet,pupper,7.0,10,0.7,877,326
672898206762672129,Cheryl,pupper,11.0,10,1.1,841,387
672622327801233409,,pupper,12.0,10,1.2,1194,439
672614745925664768,Norman,pupper,6.0,10,0.6,1132,533
672594978741354496,Scott,pupper,9.0,10,0.9,1231,560
672481316919734272,Jazz,pupper,12.0,10,1.2,668,119
672254177670729728,Rolf,pupper,11.0,10,1.1,1327,681
672205392827572224,Opal,pupper,9.0,10,0.9,2082,1049
672160042234327040,Bubba,pupper,8.0,10,0.8,810,327
669993076832759809,Zoey,pupper,9.0,10,0.9,299,75
889665388333682689,,puppo,13.0,10,1.3,43492,8709
889531135344209921,Stuart,puppo,13.0,10,1.3,13781,1963
878776093423087618,Snoopy,puppo,13.0,10,1.3,17659,3593
876120275196170240,Venti,puppo,13.0,10,1.3,25502,4077
874012996292530176,Sebastian,puppo,13.0,10,1.3,31139,8969
871879754684805121,Lassie,puppo,13.0,10,1.3,34295,9646
867421006826221569,Shikha,puppo,12.0,10,1.2,14793,2220
866686824827068416,Lili,puppo,12.0,10,1.2,17736,3087
859607811541651456,,puppo,13.0,10,1.3,17372,1409
855851453814013952,,puppo,13.0,10,1.3,43187,16714
837366284874571778,Lucy,puppo,13.0,10,1.3,,
825535076884762624,,puppo,14.0,10,1.4,55676,17006
825026590719483904,Pablo,puppo,12.0,10,1.2,6116,1208
822872901745569793,,puppo,13.0,10,1.3,128465,41752
819952236453363712,Oliver,puppo,13.0,10,1.3,5203,1136
805826884734976000,Duke,puppo,12.0,10,1.2,6464,1780
803773340896923648,Diogi,puppo,12.0,10,1.2,9895,2685
802239329049477120,Loki,puppo,12.0,10,1.2,8948,2568
793195938047070209,Lily,puppo,12.0,10,1.2,15010,5501
790946055508652032,Betty,puppo,12.0,10,1.2,16392,4575
787717603741622272,Tonks,puppo,13.0,10,1.3,10086,2707
780931614150983680,,puppo,13.0,10,1.3,21187,7059
756275833623502848,,puppo,10.0,10,1.0,6182,1472
752519690950500352,,puppo,11.0,10,1.1,7123,3305
751132876104687617,Cooper,puppo,10.0,10,1.0,4899,1247
744995568523612160,Abby,puppo,9.0,10,0.9,2855,587
743253157753532416,Kilo,puppo,10.0,10,1.0,4078,1169
738537504001953792,Bayley,puppo,11.0,10,1.1,4878,1463
892420643555336193,Phineas,,13.0,10,1.3,34943,7331
892177421306343426,Tilly,,13.0,10,1.3,30258,5473
891815181378084864,Archie,,12.0,10,1.2,22766,3620
891689557279858688,Darla,,13.0,10,1.3,38207,7521
891327558926688256,Franklin,,12.0,10,1.2,36476,8091
891087950875897856,,,13.0,10,1.3,18403,2712
890971913173991426,Jax,,13.0,10,1.3,10709,1752
890729181411237888,,,13.0,10,1.3,58853,16442
890609185150312448,Zoey,,13.0,10,1.3,25333,3762
890006608113172480,Koda,,13.0,10,1.3,27880,6394
889880896479866881,Bruno,,13.0,10,1.3,25348,4336
889638837579907072,Ted,,12.0,10,1.2,24457,3891
889278841981685760,Oliver,,13.0,10,1.3,22824,4634
888917238123831296,Jim,,12.0,10,1.2,26436,3902
888804989199671297,Zeke,,13.0,10,1.3,23205,3693
888554962724278272,Ralphus,,13.0,10,1.3,17886,3004
888078434458587136,Gerald,,12.0,10,1.2,19782,3030
887705289381826560,Jeffrey,,13.0,10,1.3,27501,4708
887517139158093824,,,14.0,10,1.4,42079,10252
887473957103951883,Canela,,13.0,10,1.3,62237,15658
887343217045368832,,,13.0,10,1.3,30537,9178
887101392804085760,,,12.0,10,1.2,27841,5201
886983233522544640,Maya,,13.0,10,1.3,31518,6650
886736880519319552,Mingus,,13.0,10,1.3,10841,2762
886680336477933568,Derek,,13.0,10,1.3,20412,3900
886258384151887873,Waffles,,13.0,10,1.3,25389,5505
885984800019947520,Jimbo,,12.0,10,1.2,29551,5851
885528943205470208,Maisey,,13.0,10,1.3,32621,5568
885167619883638784,,,13.0,10,1.3,19855,3812
884925521741709313,Earl,,12.0,10,1.2,69730,15721
884876753390489601,Lola,,13.0,10,1.3,25240,4871
884562892145688576,Kevin,,13.0,10,1.3,22051,4093
884441805382717440,,,14.0,10,1.4,24619,4964
883838122936631299,Noah,,12.0,10,1.2,19840,2980
883482846933004288,Bella,,5.0,10,0.5,41585,8610
883117836046086144,,,13.0,10,1.3,33639,5779
882992080364220416,Rusty,,13.0,10,1.3,21684,3378
882627270321602560,Stanley,,13.0,10,1.3,25451,5284
882268110199369728,Alfy,,13.0,10,1.3,40594,10083
882045870035918850,Koko,,13.0,10,1.3,26588,4237
881906580714921986,Rey,,12.0,10,1.2,22125,2965
881268444196462592,Elliot,,12.0,10,1.2,21156,4639
880935762899988482,Louis,,13.0,10,1.3,15534,2440
880872448815771648,,,12.0,10,1.2,19341,3330
880465832366813184,Bella,,12.0,10,1.2,25810,5423
880221127280381952,Jesse,,12.0,10,1.2,24465,3619
880095782870896641,,,11.0,10,1.1,25097,3790
879862464715927552,Romeo,,13.0,10,1.3,20345,3038
879492040517615616,Bailey,,12.0,10,1.2,21363,2764
879415818425184262,Duddles,,13.0,10,1.3,95982,38969
879376492567855104,Jack,,12.0,10,1.2,15332,2739
879050749262655488,Steven,,11.0,10,1.1,20488,4122
879008229531029506,Beau,,13.0,10,1.3,17293,2340
878281511006478336,Shadow,,13.0,10,1.3,7017,1115
878057613040115712,Emmy,,14.0,10,1.4,38286,5962
877736472329191424,Aja,,13.0,10,1.3,71817,16536
877556246731214848,Penny,,12.0,10,1.2,20626,3313
877316821321428993,Dante,,13.0,10,1.3,24971,4556
877201837425926144,Nelly,,12.0,10,1.2,24628,4857
876484053909872640,Benedict,,13.0,10,1.3,17100,2074
875747767867523072,Goose,,13.0,10,1.3,22890,3746
875144289856114688,Nugget,,13.0,10,1.3,19987,4296
875021211251597312,,,12.0,10,1.2,23285,4144
874680097055178752,Cash,,12.0,10,1.2,25377,4075
874057562936811520,,,12.0,10,1.2,20749,3505
873580283840344065,,,13.0,10,1.3,22124,3462
872820683541237760,,,13.0,10,1.3,13474,3278
872620804844003328,Monkey,,13.0,10,1.3,18956,3209
872486979161796608,,,12.0,10,1.2,37260,8024
872261713294495745,Harry,,13.0,10,1.3,,
872122724285648897,Kody,,12.0,10,1.2,31289,7152
871032628920680449,Boomer,,13.0,10,1.3,20828,3366
870804317367881728,,,11.0,10,1.1,30787,5472
870656317836468226,Cody,,13.0,10,1.3,11253,2303
870374049280663552,Zoey,,13.0,10,1.3,76324,23634
870308999962521604,Rumble,,13.0,10,1.3,20103,3678
870063196459192321,Clifford,,14.0,10,1.4,33460,7364
869772420881756160,Dewey,,13.0,10,1.3,39137,9029
869702957897576449,Stanley,,13.0,10,1.3,25863,5584
869227993411051520,Gizmo,,13.0,10,1.3,18739,3343
868880397819494401,Walter,,14.0,10,1.4,59955,12791
868622495443632128,,,13.0,10,1.3,24417,4700
868552278524837888,Cooper,,12.0,10,1.2,9265,1827
867900495410671616,,,12.0,10,1.2,22287,3729
867774946302451713,Harold,,13.0,10,1.3,31242,6530
867072653475098625,,,13.0,10,1.3,0,106
867051520902168576,,,13.0,10,1.3,29629,7046
866334964761202691,Coco,,12.0,10,1.2,48176,12741
865718153858494464,Boomer,,13.0,10,1.3,23712,5047
865359393868664832,Sammy,,13.0,10,1.3,24413,4489
865006731092295680,Nelly,,13.0,10,1.3,25873,6938
864873206498414592,,,14.0,10,1.4,29746,7791
864279568663928832,Meatball,,12.0,10,1.2,13495,2705
864197398364647424,Paisley,,13.0,10,1.3,27628,7922
863907417377173506,Albus,,13.0,10,1.3,19074,3728
863553081350529029,Neptune,,13.0,10,1.3,14093,3778
863432100342583297,Belle,,12.0,10,1.2,21998,4731
863079547188785154,,,14.0,10,1.4,8132,1000
863062471531167744,Quinn,,13.0,10,1.3,7788,2170
862831371563274240,Zooey,,13.0,10,1.3,17768,4631
862722525377298433,Dave,,11.0,10,1.1,15857,3212
862457590147678208,Jersey,,13.0,10,1.3,18883,4437
862096992088072192,,,13.0,10,1.3,68608,20873
861383897657036800,Hobbes,,13.0,10,1.3,33432,9688
861288531465048066,,,13.0,10,1.3,15913,3740
861005113778896900,Burt,,12.0,10,1.2,15503,3463
860924035999428608,,,13.0,10,1.3,0,707
860563773140209665,Lorenzo,,13.0,10,1.3,6954,1934
860524505164394496,Carl,,13.0,10,1.3,21978,4796
860276583193509888,Jordy,,12.0,10,1.2,17117,3192
860184849394610176,,,14.0,10,1.4,15479,5321
859924526012018688,Milky,,12.0,10,1.2,18243,3722
859851578198683649,Trooper,,13.0,10,1.3,14402,3202
859196978902773760,,,12.0,10,1.2,83461,27391
859074603037188101,,,13.0,10,1.3,31460,12443
858471635011153920,Sophie,,13.0,10,1.3,20154,4443
858107933456039936,Wyatt,,12.0,10,1.2,14704,2642
857989990357356544,Rosie,,12.0,10,1.2,14995,2362
857746408056729600,Thor,,13.0,10,1.3,31926,9728
857393404942143489,,,13.0,10,1.3,5503,1497
857263160327368704,Oscar,,13.0,10,1.3,18817,4138
857029823797047296,Zeke,,12.0,10,1.2,17629,3644
856543823941562368,Callie,,12.0,10,1.2,15341,2649
856282028240666624,Cermet,,14.0,10,1.4,26041,5791
855459453768019968,,,12.0,10,1.2,28007,7590
854732716440526848,Marlee,,12.0,10,1.2,21419,5608
854482394044301312,Arya,,13.0,10,1.3,27502,6303
854365224396361728,Einstein,,13.0,10,1.3,17797,4343
853760880890318849,Alice,,12.0,10,1.2,26991,5350
853639147608842240,,,13.0,10,1.3,32714,9288
853299958564483072,Rumpole,,13.0,10,1.3,14653,3300
852912242202992640,Benny,,12.0,10,1.2,8514,1676
852672615818899456,Aspen,,12.0,10,1.2,14141,2012
852553447878664193,Jarod,,13.0,10,1.3,15415,3248
852311364735569921,Wiggles,,13.0,10,1.3,31402,9263
852226086759018497,General,,14.0,10,1.4,18936,6365
852189679701164033,Sailor,,12.0,10,1.2,10900,1481
851861385021730816,,,10.0,10,1.0,0,19
851591660324737024,,,11.0,10,1.1,15474,3251
851464819735769094,Iggy,,14.0,10,1.4,23055,6597
851224888060895234,Snoop,,13.0,10,1.3,19687,5389
850753642995093505,Kyle,,11.0,10,1.1,29201,8472
850380195714523136,Leo,,13.0,10,1.3,12481,2435
850145622816686080,Riley,,11.0,10,1.1,15536,3541
849776966551130114,,,12.0,10,1.2,28943,7122
849412302885593088,Noosh,,12.0,10,1.2,15161,2956
849336543269576704,,,11.0,10,1.1,10896,1768
849051919805034497,Kevin,,13.0,10,1.3,40395,7954
848690551926992896,,,12.0,10,1.2,24071,4076
848324959059550208,Odin,,12.0,10,1.2,23627,4349
848212111729840128,Jerry,,6.0,10,0.6,15589,2837
847971574464610304,,,13.0,10,1.3,0,415
847962785489326080,Georgie,,10.0,10,1.0,22489,4789
847842811428974592,Rontu,,12.0,10,1.2,5182,1239
847606175596138505,Cannon,,12.0,10,1.2,17959,3231
847251039262605312,Furzey,,12.0,10,1.2,19630,4086
847157206088847362,Daisy,,11.0,10,1.1,18993,5500
847116187444137987,,,11.0,10,1.1,20561,3003
846874817362120707,Tuck,,13.0,10,1.3,19248,3704
846153765933735936,Vixen,,13.0,10,1.3,30221,8527
846042936437604353,Jarvis,,12.0,10,1.2,15320,2702
845812042753855489,,,13.0,10,1.3,28012,8210
845677943972139009,,,12.0,10,1.2,24202,4555
844973813909606400,Brady,,12.0,10,1.2,14425,2990
844704788403113984,Luna,,13.0,10,1.3,,
844580511645339650,Charlie,,11.0,10,1.1,15803,2941
844223788422217728,Margo,,12.0,10,1.2,13139,2069
843856843873095681,Sadie,,12.0,10,1.2,20661,4365
843604394117681152,Hank,,11.0,10,1.1,16243,2587
843235543001513987,Tycho,,13.0,10,1.3,20692,5674
842846295480000512,Charlie,,13.0,10,1.3,14715,3448
842765311967449089,Indie,,12.0,10,1.2,6481,1204
842535590457499648,Winnie,,13.0,10,1.3,17469,3331
842163532590374912,George,,12.0,10,1.2,23529,5501
842115215311396866,Bentley,,12.0,10,1.2,13478,2874
841680585030541313,Penny,,12.0,10,1.2,24855,7450
841314665196081154,Max,,13.0,10,1.3,15269,4406
841077006473256960,Dawn,,12.0,10,1.2,22051,5058
840696689258311684,,,10.0,10,1.0,11858,921
840632337062862849,Maddie,,12.0,10,1.2,8691,1674
840370681858686976,,,13.0,10,1.3,15870,4332
840268004936019968,Monty,,12.0,10,1.2,18570,5455
839990271299457024,Sojourner,,13.0,10,1.3,12958,2162
839549326359670784,Winston,,12.0,10,1.2,26473,7390
839239871831150596,Odie,,13.0,10,1.3,26162,6206
838921590096166913,Arlo,,13.0,10,1.3,10769,1946
838916489579200512,,,15.0,10,1.5,0,32
838561493054533637,Walter,,13.0,10,1.3,10612,1269
838476387338051585,Stanley,,13.0,10,1.3,21728,4531
838083903487373313,Daisy,,13.0,10,1.3,17060,2969
837482249356513284,Waffles,,13.0,10,1.3,3739,424
837471256429613056,Vincent,,12.0,10,1.2,12389,2157
837012587749474308,,,14.0,10,1.4,,
836989968035819520,Mookie,,12.0,10,1.2,12356,2198
836677758902222849,Oliver,,11.0,10,1.1,12234,2122
836260088725786625,Lucy,,13.0,10,1.3,20662,4132
836001077879255040,,,13.0,10,1.3,18471,4082
835574547218894849,Eli,,11.0,10,1.1,17258,3455
835297930240217089,Ash,,12.0,10,1.2,15974,2857
835264098648616962,Lola,,12.0,10,1.2,7485,1613
835172783151792128,,,12.0,10,1.2,25393,5515
835152434251116546,,,0.0,10,0.0,21716,2874
834931633769889797,Tucker,,12.0,10,1.2,10458,1555
834786237630337024,Tobi,,13.0,10,1.3,20825,5302
834458053273591808,Chester,,12.0,10,1.2,9336,1605
834209720923721728,Wilson,,12.0,10,1.2,19942,4540
834167344700198914,Sunshine,,11.0,10,1.1,15372,3525
834086379323871233,Lipton,,12.0,10,1.2,12685,2117
833863086058651648,Bentley,,12.0,10,1.2,13056,2309
833826103416520705,Charlie,,13.0,10,1.3,17612,3609
833722901757046785,Bronte,,13.0,10,1.3,20291,3110
833479644947025920,Poppy,,13.0,10,1.3,14459,1957
832769181346996225,,,12.0,10,1.2,0,38
832757312314028032,Willow,,13.0,10,1.3,16386,3477
832636094638288896,Orion,,12.0,10,1.2,15436,2674
832397543355072512,Eevee,,12.0,10,1.2,11636,2126
832369877331693569,Charlie,,11.0,10,1.1,16684,3064
831911600680497154,Kuyu,,14.0,10,1.4,26786,6248
831670449226514432,Daisy,,13.0,10,1.3,10152,1745
831650051525054464,,,13.0,10,1.3,6921,1853
831552930092285952,Dutch,,13.0,10,1.3,8730,2247
831309418084069378,Scooter,,12.0,10,1.2,11449,2376
831262627380748289,Tucker,,12.0,10,1.2,11566,1974
830956169170665475,Reggie,,12.0,10,1.2,7764,1433
830583320585068544,Lilly,,13.0,10,1.3,64863,16100
830097400375152640,Samson,,13.0,10,1.3,9495,2823
829861396166877184,Mia,,12.0,10,1.2,11930,1867
829501995190984704,Leo,,12.0,10,1.2,30886,10195
829141528400556032,Malcolm,,12.0,10,1.2,23710,7068
829011960981237760,Dexter,,13.0,10,1.3,51945,15786
828770345708580865,Alfie,,13.0,10,1.3,24908,5640
828708714936930305,Fiona,,10.0,10,1.0,35525,10793
828650029636317184,,,14.0,10,1.4,9273,1292
828409743546925057,Mutt,,12.0,10,1.2,6199,1116
828408677031882754,Bear,,12.0,10,1.2,7501,1242
828376505180889089,Beebop,,13.0,10,1.3,7206,1032
828372645993398273,Alexander,,12.0,10,1.2,12266,2825
828046555563323392,Sailer,,13.0,10,1.3,11436,2759
828011680017821696,Brutus,,11.0,10,1.1,10097,2085
827653905312006145,Boots,,12.0,10,1.2,15117,2917
827600520311402496,Tucker,,13.0,10,1.3,7286,905
827324948884643840,Ralphie,,12.0,10,1.2,15431,2920
827199976799354881,Charlie,,13.0,10,1.3,10307,2146
826598365270007810,Pawnd,,13.0,10,1.3,9754,2269
826240494070030336,,,11.0,10,1.1,12951,2520
826115272272650244,Ike,,13.0,10,1.3,15263,3000
825876512159186944,Mo,,11.0,10,1.1,10232,1794
825829644528148480,Toby,,12.0,10,1.2,12443,2423
825147591692263424,Sweet,,13.0,10,1.3,17844,4381
824775126675836928,Scooter,,12.0,10,1.2,14564,3388
824663926340194305,Wilson,,13.0,10,1.3,10273,1706
824297048279236611,Nala,,11.0,10,1.1,14696,3724
823939628516474880,Cash,,12.0,10,1.2,10399,2632
823699002998870016,Winston,,12.0,10,1.2,13648,2435
823581115634085888,Crawford,,11.0,10,1.1,12711,2535
823322678127919110,Wyatt,,11.0,10,1.1,15369,3880
822975315408461824,Albus,,12.0,10,1.2,16933,3338
822859134160621569,Hobbes,,12.0,10,1.2,12919,2197
822610361945911296,,,12.0,10,1.2,14467,2843
822489057087389700,Paisley,,13.0,10,1.3,17726,6192
822244816520155136,,,11.0,10,1.1,34198,9584
821886076407029760,Jimison,,13.0,10,1.3,11055,2237
821522889702862852,Harlso,,13.0,10,1.3,7854,1696
821149554670182400,Luca,,12.0,10,1.2,8419,1891
821044531881721856,Flash,,12.0,10,1.2,12391,2209
820749716845686786,Sunny,,13.0,10,1.3,30876,9587
820690176645140481,,,84.0,70,1.2,11979,3135
820314633777061888,,,14.0,10,1.4,3275,547
820078625395449857,,,12.0,10,1.2,19354,6096
819711362133872643,Howie,,11.0,10,1.1,13089,3019
819588359383371776,Jazzy,,13.0,10,1.3,9453,1939
819347104292290561,Anna,,12.0,10,1.2,7076,1172
819227688460238848,Finn,,12.0,10,1.2,22549,6505
818627210458333184,Wafer,,13.0,10,1.3,21947,7338
818614493328580609,Bear,,12.0,10,1.2,9632,2452
818536468981415936,Tom,,11.0,10,1.1,10627,2376
818259473185828864,Florence,,12.0,10,1.2,10771,2187
818145370475810820,Autumn,,11.0,10,1.1,12020,2477
817827839487737858,Buddy,,13.0,10,1.3,50463,26284
817536400337801217,Eugene,,12.0,10,1.2,11531,2861
817423860136083457,Ken,,13.0,10,1.3,33056,14225
817415592588222464,Strudel,,11.0,10,1.1,5481,925
817171292965273600,Tebow,,13.0,10,1.3,8596,1967
817120970343411712,,,13.0,10,1.3,11959,2520
817056546584727552,Chloe,,11.0,10,1.1,8421,1593
816816676327063552,Timber,,12.0,10,1.2,9793,1970
816697700272001025,Binky,,12.0,10,1.2,9579,2134
816450570814898180,Moose,,13.0,10,1.3,29748,7822
816336735214911488,Dudley,,11.0,10,1.1,8430,1893
816091915477250048,Comet,,12.0,10,1.2,8761,2072
815736392542261248,Akumi,,11.0,10,1.1,9656,2209
815639385530101762,Titan,,12.0,10,1.2,8062,1605
815390420867969024,,,13.0,10,1.3,10155,3710
814638523311648768,Olivia,,12.0,10,1.2,11062,2633
814530161257443328,Alf,,12.0,10,1.2,8477,1820
814153002265309185,Oshie,,12.0,10,1.2,28177,8443
813812741911748608,Gary,,14.0,10,1.4,35789,13603
813800681631023104,Sky,,12.0,10,1.2,8166,1710
813217897535406080,Atlas,,13.0,10,1.3,18284,7121
813187593374461952,,,13.0,10,1.3,19494,4232
813172488309972993,Eleanor,,12.0,10,1.2,9102,1886
813157409116065792,Layla,,12.0,10,1.2,7614,2144
813142292504645637,,,13.0,10,1.3,8344,2333
813112105746448384,Toby,,12.0,10,1.2,10118,2664
813081950185472002,Baron,,11.0,10,1.1,9722,2719
813066809284972545,Tyr,,12.0,10,1.2,7790,1900
813051746834595840,Bauer,,13.0,10,1.3,20569,7179
812781120811126785,Swagger,,10.0,10,1.0,7404,1854
812709060537683968,Brandi,,12.0,10,1.2,6505,1408
812503143955202048,,,13.0,10,1.3,5954,1191
812466873996607488,Mary,,12.0,10,1.2,7828,1878
812372279581671427,Moe,,13.0,10,1.3,13415,3574
811985624773361665,Ted,,11.0,10,1.1,7138,1366
811744202451197953,Halo,,13.0,10,1.3,7398,1551
811627233043480576,Augie,,10.0,10,1.0,12501,2984
810984652412424192,Sam,,11.0,10,1.1,5216,1391
810896069567610880,Hunter,,11.0,10,1.1,8846,1719
810657578271330305,Pavlov,,11.0,10,1.1,10773,2565
810284430598270976,Phil,,13.0,10,1.3,34564,10964
810254108431155201,Gus,,12.0,10,1.2,14457,3299
809920764300447744,,,10.0,10,1.0,15301,3845
809448704142938112,,,12.0,10,1.2,6835,1427
809220051211603969,Kyro,,12.0,10,1.2,19558,5460
809084759137812480,Wallace,,11.0,10,1.1,13006,3442
808838249661788160,Ito,,13.0,10,1.3,9949,2971
808501579447930884,Koda,,12.0,10,1.2,11117,2550
808001312164028416,Cooper,,12.0,10,1.2,12306,3459
807106840509214720,Stephan,,13.0,10,1.3,115965,54002
807010152071229440,Lennon,,12.0,10,1.2,12906,3786
806629075125202948,,,13.0,10,1.3,73276,33794
806542213899489280,Waffles,,11.0,10,1.1,10044,2303
806219024703037440,,,11.0,10,1.1,6357,1170
805932879469572096,Major,,12.0,10,1.2,8164,1883
805520635690676224,Zeke,,13.0,10,1.3,5662,1622
805487436403003392,Sansa,,12.0,10,1.2,8671,2475
805207613751304193,Shooter,,12.0,10,1.2,7718,1687
804738756058218496,Django,,12.0,10,1.2,13462,3740
804026241225523202,Bo,,13.0,10,1.3,43666,15737
803380650405482500,Sonny,,12.0,10,1.2,7640,1836
803276597545603072,Winston,,11.0,10,1.1,9871,2406
802952499103731712,Marley,,12.0,10,1.2,8883,1953
802572683846291456,Winnie,,12.0,10,1.2,8815,2459
802323869084381190,Severus,,13.0,10,1.3,15913,5719
801958328846974976,Ronnie,,12.0,10,1.2,7643,1676
801538201127157760,Wallace,,12.0,10,1.2,8100,2027
801285448605831168,,,10.0,10,1.0,5939,804
801167903437357056,Milo,,13.0,10,1.3,24035,5770
800751577355128832,Mauve,,12.0,10,1.2,10415,2742
800513324630806528,Chef,,11.0,10,1.1,12955,2938
800141422401830912,Peaches,,13.0,10,1.3,15031,2485
799422933579902976,Longfellow,,12.0,10,1.2,7945,1886
799297110730567681,Jeffrey,,11.0,10,1.1,9719,2687
799063482566066176,Mister,,11.0,10,1.1,7961,2429
798933969379225600,Iroh,,12.0,10,1.2,12866,4364
798925684722855936,Shadow,,11.0,10,1.1,7398,1414
798209839306514432,Cooper,,13.0,10,1.3,10253,2502
797545162159308800,Cassie,,12.0,10,1.2,14339,4782
797236660651966464,Pancake,,12.0,10,1.2,19615,6420
796865951799083009,Tyr,,12.0,10,1.2,7561,1886
796759840936919040,Romeo,,11.0,10,1.1,11615,2967
796387464403357696,Snicku,,12.0,10,1.2,10828,4062
796149749086875649,Ruby,,11.0,10,1.1,31719,13963
796116448414461957,,,11.0,10,1.1,8946,2353
796080075804475393,Yogi,,12.0,10,1.2,8321,2255
796031486298386433,Daisy,,13.0,10,1.3,10633,3646
795400264262053889,Brody,,12.0,10,1.2,9865,2796
795076730285391872,Bailey,,11.0,10,1.1,15934,5333
794926597468000259,Mack,,12.0,10,1.2,10054,2265
794332329137291264,Nimbus,,12.0,10,1.2,9452,2626
793962221541933056,Maximus,,12.0,10,1.2,16549,4787
793845145112371200,Clark,,13.0,10,1.3,9088,1814
793601777308463104,Dobby,,12.0,10,1.2,7855,1582
793500921481273345,Fiona,,12.0,10,1.2,10500,2327
793286476301799424,Moreton,,13.0,10,1.3,24184,8956
793271401113350145,Dave,,12.0,10,1.2,8561,2347
793256262322548741,,,12.0,10,1.2,19663,8169
793241302385262592,Tucker,,13.0,10,1.3,10343,3231
793226087023144960,Juno,,11.0,10,1.1,9652,2819
793210959003287553,Maude,,10.0,10,1.0,8780,2737
793180763617361921,Newt,,11.0,10,1.1,6833,1955
793165685325201412,Benji,,12.0,10,1.2,9233,2724
793150605191548928,Nida,,11.0,10,1.1,6080,1663
793135492858580992,,,13.0,10,1.3,6302,2452
793120401413079041,Robin,,11.0,10,1.1,12452,3824
792913359805018113,,,13.0,10,1.3,14075,3886
792883833364439040,Bailey,,12.0,10,1.2,11105,4172
792773781206999040,Monster,,12.0,10,1.2,7237,1641
792394556390137856,BeBe,,12.0,10,1.2,13193,4209
792050063153438720,Remus,,11.0,10,1.1,7021,1748
791672322847637504,,,13.0,10,1.3,11560,3065
791406955684368384,Levi,,12.0,10,1.2,12931,4017
791312159183634433,Mabel,,12.0,10,1.2,8620,2472
790987426131050500,Misty,,12.0,10,1.2,9646,2084
790698755171364864,Mosby,,12.0,10,1.2,8067,1879
790581949425475584,Duke,,11.0,10,1.1,20301,6942
790337589677002753,Maggie,,12.0,10,1.2,7706,1850
790277117346975746,Bruce,,11.0,10,1.1,12348,3103
789986466051088384,Happy,,12.0,10,1.2,9108,2257
789628658055020548,Eli,,13.0,10,1.3,7354,1727
789599242079838210,Brownie,,12.0,10,1.2,6626,1879
789530877013393408,Rizzy,,12.0,10,1.2,11530,3292
789268448748703744,Stella,,10.0,10,1.0,8955,2557
789137962068021249,Bo,,12.0,10,1.2,9542,2719
788908386943430656,Lucy,,11.0,10,1.1,26959,12197
788765914992902144,Butter,,12.0,10,1.2,26851,10058
788412144018661376,Dexter,,11.0,10,1.1,15265,5140
788178268662984705,,,13.0,10,1.3,7112,2046
788150585577050112,Leo,,13.0,10,1.3,6014,1251
788039637453406209,,,12.0,10,1.2,6021,1281
787810552592695296,Frank,,11.0,10,1.1,8474,2979
787397959788929025,Moose,,11.0,10,1.1,10706,2784
787322443945877504,Lincoln,,10.0,10,1.0,7659,1699
786963064373534720,Rory,,12.0,10,1.2,26164,7785
786709082849828864,Logan,,9.75,10,0.98,17950,5982
786664955043049472,,,12.0,10,1.2,10391,2471
786595970293370880,Dale,,11.0,10,1.1,9306,3056
786233965241827333,Mattie,,11.0,10,1.1,14959,4588
785927819176054784,Lucy,,12.0,10,1.2,11190,3112
785872687017132033,Rusty,,12.0,10,1.2,6583,1756
785533386513321988,Dallas,,11.0,10,1.1,8926,1941
785264754247995392,Doc,,12.0,10,1.2,7129,1588
785170936622350336,Hero,,11.0,10,1.1,11807,4711
784826020293709826,Rusty,,13.0,10,1.3,9913,3159
784517518371221505,Frankie,,11.0,10,1.1,8815,2462
784431430411685888,Stormy,,12.0,10,1.2,5620,1238
783839966405230592,Riley,,13.0,10,1.3,29392,10503
783821107061198850,Mairi,,12.0,10,1.2,7229,1912
783695101801398276,Loomis,,12.0,10,1.2,10257,3126
783466772167098368,Finn,,11.0,10,1.1,8272,2171
783391753726550016,Godi,,13.0,10,1.3,16557,5315
783334639985389568,Dave,,12.0,10,1.2,28529,11355
783085703974514689,Earl,,11.0,10,1.1,8004,2134
782969140009107456,Cali,,12.0,10,1.2,23661,7157
782722598790725632,Penny,,10.0,10,1.0,16917,5241
782598640137187329,Timmy,,11.0,10,1.1,7647,1829
781955203444699136,Chipson,,11.0,10,1.1,10926,3274
781661882474196992,,,5.0,10,0.5,10229,2639
781524693396357120,,,12.0,10,1.2,20330,5401
781251288990355457,Oakley,,11.0,10,1.1,8229,2012
781163403222056960,,,10.0,10,1.0,9605,2683
780858289093574656,Dash,,10.0,10,1.0,7050,1955
780800785462489090,Koda,,11.0,10,1.1,5363,1257
780601303617732608,Hercules,,12.0,10,1.2,11845,3263
780543529827336192,,,12.0,10,1.2,6161,1697
780476555013349377,,,12.0,10,1.2,0,109
780459368902959104,Bear,,11.0,10,1.1,5176,1043
780192070812196864,,,11.0,10,1.1,8509,2179
779834332596887552,Scout,,11.0,10,1.1,18448,6805
779123168116150273,Reggie,,12.0,10,1.2,,
779056095788752897,,,13.0,10,1.3,14424,4384
778990705243029504,Jay,,11.0,10,1.1,19479,6962
778748913645780993,Mya,,11.0,10,1.1,6717,1265
778650543019483137,Strider,,10.0,10,1.0,5624,1448
778624900596654080,Penny,,11.0,10,1.1,4503,981
778408200802557953,,,14.0,10,1.4,13318,4175
778383385161035776,Nala,,13.0,10,1.3,5683,1063
778286810187399168,Stanley,,11.0,10,1.1,10125,3200
777885040357281792,Wesley,,3.0,10,0.3,6214,1579
777684233540206592,,,12.0,10,1.2,10971,2836
777621514455814149,Derek,,12.0,10,1.2,8523,2436
777189768882946048,Jeffrey,,12.0,10,1.2,13886,4183
776813020089548800,Solomon,,12.0,10,1.2,4775,1168
776201521193218049,,,10.0,10,1.0,9346,2442
776088319444877312,,,10.0,10,1.0,1790,146
775842724423557120,Blue,,12.0,10,1.2,11419,2575
775729183532220416,,,13.0,10,1.3,12687,4467
775085132600442880,Tucker,,13.0,10,1.3,15158,4561
774757898236878852,Finley,,12.0,10,1.2,8403,1727
774639387460112384,Sprinkles,,10.0,10,1.0,6576,1677
774314403806253056,,,14.0,10,1.4,21247,5337
773922284943896577,Heinrich,,12.0,10,1.2,6252,1692
773704687002451968,Loki,,12.0,10,1.2,6440,1563
773670353721753600,Shakespeare,,10.0,10,1.0,5213,1268
773308824254029826,Bungalo,,12.0,10,1.2,22742,7228
773247561583001600,Chip,,10.0,10,1.0,9228,3152
773191612633579521,Grey,,12.0,10,1.2,9755,4002
772826264096874500,Roosevelt,,11.0,10,1.1,7835,2284
772581559778025472,,,10.0,10,1.0,6324,1652
772152991789019136,,,10.0,10,1.0,3714,1102
772117678702071809,Jack,,12.0,10,1.2,3669,716
772114945936949249,Finn,,10.0,10,1.0,2665,457
772102971039580160,Penny,,11.0,10,1.1,3902,904
771770456517009408,Davey,,11.0,10,1.1,11691,3258
771500966810099713,Dakota,,12.0,10,1.2,8057,2521
771380798096281600,Fizz,,11.0,10,1.1,10229,4881
771136648247640064,Dixie,,11.0,10,1.1,8911,2830
771102124360998913,Charlie,,12.0,10,1.2,6062,1389
771014301343748096,,,7.0,10,0.7,6723,1602
770787852854652928,Winston,,10.0,10,1.0,4806,1163
770772759874076672,Sebastian,,11.0,10,1.1,5053,1371
770655142660169732,,,11.0,10,1.1,7164,1727
770414278348247044,Al,,11.0,10,1.1,6161,2022
770293558247038976,Jackson,,10.0,10,1.0,6056,1417
770069151037685760,Carbon,,10.0,10,1.0,7393,2219
769940425801170949,Klein,,12.0,10,1.2,30414,9211
769695466921623552,Titan,,13.0,10,1.3,6256,1629
769212283578875904,DonDon,,12.0,10,1.2,5251,1658
768970937022709760,Kirby,,12.0,10,1.2,13910,6271
768855141948723200,Jesse,,11.0,10,1.1,4073,859
768609597686943744,Lou,,10.0,10,1.0,4000,1158
768596291618299904,Oakley,,12.0,10,1.2,4904,1238
768473857036525572,Chevy,,11.0,10,1.1,13241,3295
767884188863397888,Tito,,10.0,10,1.0,4633,1329
767754930266464257,Philbert,,11.0,10,1.1,15562,5189
767500508068192258,Louie,,12.0,10,1.2,7299,2262
767122157629476866,Rupert,,13.0,10,1.3,9914,2758
766793450729734144,Rufus,,10.0,10,1.0,4906,1315
766693177336135680,Brudge,,11.0,10,1.1,3905,771
766423258543644672,Shadoe,,9.0,10,0.9,5844,1527
766313316352462849,Oscar,,12.0,10,1.2,6596,1816
766069199026450432,Juno,,12.0,10,1.2,4106,817
766008592277377025,Angel,,11.0,10,1.1,3658,481
765719909049503744,Brat,,12.0,10,1.2,7042,2090
765669560888528897,Tove,,12.0,10,1.2,5042,1190
765395769549590528,,,13.0,10,1.3,25990,3273
765222098633691136,Gromit,,10.0,10,1.0,11326,3272
764857477905154048,Aubie,,12.0,10,1.2,6281,1721
764259802650378240,Kota,,10.0,10,1.0,5846,1451
763837565564780549,Alfie,,11.0,10,1.1,12204,3998
763183847194451968,Clark,,8.0,10,0.8,5213,1423
763103485927849985,Belle,,10.0,10,1.0,7165,2225
762699858130116608,Leela,,11.0,10,1.1,11778,3476
762471784394268675,Glenn,,12.0,10,1.2,10908,6180
762464539388485633,Buddy,,12.0,10,1.2,9997,4009
762316489655476224,Scout,,11.0,10,1.1,4649,1077
762035686371364864,,,14.0,10,1.4,30893,14941
761976711479193600,Shelby,,12.0,10,1.2,5247,1923
761745352076779520,,,11.0,10,1.1,4156,834
761672994376806400,,,10.0,10,1.0,47938,27992
761599872357261312,Sephie,,11.0,10,1.1,4006,1148
761334018830917632,Bruce,,10.0,10,1.0,5028,1403
761292947749015552,Bonaparte,,11.0,10,1.1,4358,1051
761227390836215808,Albert,,10.0,10,1.0,5186,1515
761004547850530816,Bo,,11.0,10,1.1,11023,3359
760656994973933572,Rose,,11.0,10,1.1,6396,1839
760641137271070720,Theo,,12.0,10,1.2,4831,1246
760539183865880579,Atlas,,12.0,10,1.2,7347,3493
760290219849637889,Rocco,,13.0,10,1.3,25988,11051
760252756032651264,Fido,,4.0,10,0.4,3833,840
760190180481531904,Sadie,,10.0,10,1.0,5532,1731
759923798737051648,,,10.0,10,1.0,14238,5415
759846353224826880,Kirby,,11.0,10,1.1,6538,1897
759557299618865152,Emma,,10.0,10,1.0,4548,1150
759447681597108224,Oakley,,11.0,10,1.1,8246,2378
759197388317847553,Luna,,12.0,10,1.2,5906,1878
759099523532779520,Toby,,7.0,10,0.7,14070,3994
759047813560868866,Spencer,,11.0,10,1.1,6280,1928
758854675097526272,Lilli,,11.0,10,1.1,3443,872
758740312047005698,Boston,,12.0,10,1.2,5567,1562
758474966123810816,Brandonald,,11.0,10,1.1,3680,958
758467244762497024,,,165.0,150,1.1,4648,2130
758405701903519748,Odie,,10.0,10,1.0,5047,1837
758355060040593408,Corey,,11.0,10,1.1,3270,1022
758041019896193024,,,9.0,10,0.9,2619,358
757741869644341248,Leonard,,10.0,10,1.0,6657,3147
757725642876129280,Beckham,,11.0,10,1.1,4407,1166
757611664640446465,Cooper,,12.0,10,1.2,4428,1052
757596066325864448,,,4.0,10,0.4,4210,1019
757400162377592832,,,13.0,10,1.3,14669,6573
757354760399941633,Dev√≥n,,8.0,10,0.8,4373,1361
756998049151549440,Oliver,,11.0,10,1.1,6082,1910
756651752796094464,Gert,,11.0,10,1.1,4886,1245
756303284449767430,,,11.0,10,1.1,3815,1064
756288534030475264,,,12.0,10,1.2,42702,17034
755110668769038337,Watson,,13.0,10,1.3,20503,10665
754856583969079297,Winnie,,11.0,10,1.1,6677,2410
754747087846248448,Keith,,12.0,10,1.2,2507,499
754482103782404096,Milo,,10.0,10,1.0,5121,1878
754449512966619136,Dex,,11.0,10,1.1,3621,705
754120377874386944,,,10.0,10,1.0,7635,2260
754011816964026368,Charlie,,12.0,10,1.2,,
753655901052166144,,,10.0,10,1.0,5649,2091
753398408988139520,Scout,,12.0,10,1.2,5546,1820
753375668877008896,Hank,,8.0,10,0.8,7389,2231
753294487569522689,Ace,,11.0,10,1.1,3251,1000
753026973505581056,Tayzie,,10.0,10,1.0,3797,919
752917284578922496,Grizzie,,11.0,10,1.1,6719,1510
752173152931807232,Brody,,12.0,10,1.2,5765,1757
751937170840121344,Ruby,,11.0,10,1.1,5017,1261
751830394383790080,Tucker,,12.0,10,1.2,5627,1872
751598357617971201,Toby,,13.0,10,1.3,7698,2929
751538714308972544,Max,,10.0,10,1.0,4875,1203
751251247299190784,Gilbert,,10.0,10,1.0,12123,5621
751205363882532864,,,12.0,10,1.2,6116,1740
750719632563142656,Meyer,,12.0,10,1.2,12714,4805
750429297815552001,Arnie,,12.0,10,1.2,12743,4094
750147208377409536,,,13.0,10,1.3,3008,923
750132105863102464,Stewie,,11.0,10,1.1,3498,1238
750117059602808832,Calvin,,10.0,10,1.0,4196,1257
750101899009982464,Lilah,,11.0,10,1.1,2942,809
750086836815486976,Spanky,,12.0,10,1.2,2101,514
750056684286914561,Jameson,,11.0,10,1.1,3058,865
750041628174217216,Beau,,13.0,10,1.3,3064,585
750026558547456000,Jax,,10.0,10,1.0,2629,755
749996283729883136,Bo,,12.0,10,1.2,2955,786
749981277374128128,Atticus,,1776.0,10,177.6,4938,2373
749774190421639168,Lucy,,12.0,10,1.2,4515,1272
749403093750648834,,,10.0,10,1.0,2519,506
749395845976588288,George,,10.0,10,1.0,8276,3291
749064354620928000,Winston,,11.0,10,1.1,4651,1467
748977405889503236,,,10.0,10,1.0,10402,3258
748705597323898880,,,13.0,10,1.3,2684,918
748699167502000129,Tripp,,11.0,10,1.1,4584,1521
748568946752774144,Cora,,12.0,10,1.2,2128,646
748346686624440324,,,10.0,10,1.0,5035,1184
748324050481647620,Duke,,11.0,10,1.1,3562,724
748307329658011649,,,7.0,10,0.7,3569,684
747933425676525569,,,11.0,10,1.1,6382,2447
747885874273214464,,,8.0,10,0.8,2826,928
747844099428986880,Huxley,,11.0,10,1.1,2720,715
747816857231626240,,,4.0,10,0.4,4666,1113
747600769478692864,Bookstore,,10.0,10,1.0,2256,540
747594051852075008,,,11.0,10,1.1,3542,1001
747512671126323200,,,10.0,10,1.0,5328,1542
747461612269887489,,,10.0,10,1.0,3739,1001
747219827526344708,Atticus,,11.0,10,1.1,5067,1492
747204161125646336,Clark,,10.0,10,1.0,3236,869
747103485104099331,,,11.0,10,1.1,9192,3789
746906459439529985,,,0.0,10,0.0,2795,283
746872823977771008,,,11.0,10,1.1,5774,2041
746790600704425984,,,10.0,10,1.0,4695,1528
746726898085036033,Abby,,12.0,10,1.2,5834,1718
746507379341139972,Shiloh,,10.0,10,1.0,4486,1039
746369468511756288,,,9.0,10,0.9,5983,1560
746131877086527488,Gustav,,10.0,10,1.0,6639,2093
745789745784041472,Gus,,10.0,10,1.0,3847,1017
745712589599014916,Percy,,7.0,10,0.7,6748,2221
745422732645535745,,,9.0,10,0.9,8247,2309
745314880350101504,Sugar,,12.0,10,1.2,6876,2618
745057283344719872,Oliver,,12.0,10,1.2,6974,2146
744971049620602880,Indie,,12.0,10,1.2,7580,2561
744709971296780288,Harvey,,10.0,10,1.0,5392,1495
744334592493166593,Blanket,,11.0,10,1.1,6510,2008
743980027717509120,Geno,,11.0,10,1.1,4018,1049
743895849529389061,,,10.0,10,1.0,3520,926
743609206067040256,Stark,,10.0,10,1.0,4300,1328
743595368194129920,Harold,,7.0,10,0.7,17629,6225
743545585370791937,Bentley,,11.0,10,1.1,3401,903
743510151680958465,Beya,,13.0,10,1.3,7634,3557
743210557239623680,Kayla,,10.0,10,1.0,3693,1304
742528092657332225,Maxaroni,,10.0,10,1.0,4247,1871
742423170473463808,Bell,,12.0,10,1.2,9442,3564
742385895052087300,Phil,,11.0,10,1.1,6536,1871
742161199639494656,Doug,,12.0,10,1.2,4133,1301
741793263812808706,,,10.0,10,1.0,4373,1432
741438259667034112,Tucker,,9.0,10,0.9,3549,780
741303864243200000,Theodore,,12.0,10,1.2,8427,3062
740995100998766593,Leo,,10.0,10,1.0,6087,2584
740711788199743490,,,9.0,10,0.9,3257,900
740699697422163968,Chip,,8.0,10,0.8,2734,745
740373189193256964,,,14.0,10,1.4,33667,12685
740365076218183684,,,10.0,10,1.0,2362,408
740359016048689152,Chase,,9.0,10,0.9,3151,822
740214038584557568,,,10.0,10,1.0,6418,1871
739979191639244800,Nollie,,12.0,10,1.2,19165,5632
739932936087216128,Rorie,,10.0,10,1.0,3899,1029
739844404073074688,Simba,,12.0,10,1.2,3649,817
739544079319588864,,,10.0,10,1.0,37842,20162
739485634323156992,Kyle,,6.0,10,0.6,6847,2776
738885046782832640,Charles,,11.0,10,1.1,3623,1093
738883359779196928,,,10.0,10,1.0,3161,754
738402415918125056,,,10.0,10,1.0,3130,784
738184450748633089,,,9.0,10,0.9,4139,1157
738166403467907072,Axel,,12.0,10,1.2,8396,3174
738156290900254721,Storkson,,10.0,10,1.0,2398,612
737826014890496000,Remy,,10.0,10,1.0,5046,1684
737800304142471168,Bella,,10.0,10,1.0,9591,3305
737678689543020544,,,11.0,10,1.1,4821,1253
737322739594330112,Lily,,9.0,10,0.9,3452,771
736736130620620800,Chadrick,,13.0,10,1.3,4064,1634
736225175608430592,,,10.0,10,1.0,7766,2657
736010884653420544,,,10.0,10,1.0,7553,2814
735991953473572864,Maxaroni,,11.0,10,1.1,3434,1088
735635087207878657,Dakota,,11.0,10,1.1,5910,2241
735274964362878976,,,11.0,10,1.1,12498,4765
734912297295085568,Jax,,10.0,10,1.0,2638,506
734787690684657664,,,13.0,10,1.3,11998,5989
734776360183431168,Livvie,,11.0,10,1.1,2403,509
733828123016450049,Terry,,10.0,10,1.0,3425,743
733482008106668032,,,10.0,10,1.0,2986,899
733460102733135873,Hermione,,11.0,10,1.1,4004,1204
732732193018155009,Ralpher,,12.0,10,1.2,2327,509
732726085725589504,Aldrick,,11.0,10,1.1,3410,847
732585889486888962,,,10.0,10,1.0,3497,744
732005617171337216,Larry,,11.0,10,1.1,14221,5102
731285275100512256,Solomon,,12.0,10,1.2,3355,950
730924654643314689,,,9.0,10,0.9,5883,1879
730427201120833536,Crystal,,11.0,10,1.1,3335,988
730211855403241472,Ziva,,11.0,10,1.1,3647,1007
730196704625098752,Charles,,6.0,10,0.6,4630,1784
729854734790754305,Ollie,,11.0,10,1.1,3856,1062
729823566028484608,Stefan,,13.0,10,1.3,3803,1179
729463711119904772,Pupcasso,,13.0,10,1.3,5527,2202
729113531270991872,,,10.0,10,1.0,1795,302
728986383096946689,Puff,,11.0,10,1.1,3006,777
728760639972315136,,,13.0,10,1.3,4460,1619
728751179681943552,Flurpson,,10.0,10,1.0,2644,647
728653952833728512,Coleman,,8.0,10,0.8,3175,992
728409960103686147,Wallace,,10.0,10,1.0,4691,1897
728387165835677696,Enchilada,,12.0,10,1.2,3554,912
728046963732717569,Raymond,,11.0,10,1.1,4105,1139
727685679342333952,Cilantro,,12.0,10,1.2,2840,606
727286334147182592,,,9.0,10,0.9,2928,782
727175381690781696,Karll,,10.0,10,1.0,3743,1319
726935089318363137,Sprout,,12.0,10,1.2,6575,2313
726887082820554753,Blitz,,10.0,10,1.0,3677,1438
726828223124897792,Bloop,,12.0,10,1.2,3415,955
726224900189511680,,,9.0,10,0.9,4235,1088
725842289046749185,Colby,,12.0,10,1.2,6787,2532
725729321944506368,Lola,,12.0,10,1.2,4978,1684
724983749226668032,Fred,,12.0,10,1.2,3575,1228
724049859469295616,Kreggory,,10.0,10,1.0,4149,1692
724046343203856385,Sarge,,10.0,10,1.0,2540,529
723912936180330496,Sugar,,12.0,10,1.2,3724,1171
723688335806480385,Reginald,,12.0,10,1.2,7315,2770
723673163800948736,Ivar,,10.0,10,1.0,2899,842
723179728551723008,Jangle,,8.0,10,0.8,5062,1767
722974582966214656,,,13.0,10,1.3,3920,1486
722613351520608256,Schnitzel,,12.0,10,1.2,4768,1553
721503162398597120,Panda,,11.0,10,1.1,4409,1729
720785406564900865,Archie,,12.0,10,1.2,2957,727
720775346191278080,Berkeley,,10.0,10,1.0,2349,626
720415127506415616,,,10.0,10,1.0,3958,1424
720389942216527872,Ralph√©,,11.0,10,1.1,6092,2374
720059472081784833,Charleson,,9.0,10,0.9,3687,1066
720043174954147842,Neptune,,11.0,10,1.1,4722,1909
719551379208073216,Harnold,,10.0,10,1.0,4831,1801
719367763014393856,Sid,,11.0,10,1.1,2676,711
719339463458033665,Lucy,,10.0,10,1.0,4257,1170
719332531645071360,Pippa,,11.0,10,1.1,3290,900
718971898235854848,Sadie,,10.0,10,1.0,3325,1026
718939241951195136,Otis,,12.0,10,1.2,5022,1658
718631497683582976,,,10.0,10,1.0,18038,7592
718613305783398402,Carper,,11.0,10,1.1,2333,455
718540630683709445,,,10.0,10,1.0,2326,962
718460005985447936,Bowie,,9.0,10,0.9,2578,499
718454725339934721,,,13.0,10,1.3,4642,1432
718246886998687744,Alexanderson,,3.0,10,0.3,1827,469
718234618122661888,Suki,,11.0,10,1.1,3696,941
717841801130979328,Barclay,,11.0,10,1.1,2345,565
717537687239008257,,,11.0,10,1.1,5541,1749
717421804990701568,Ebby,,9.0,10,0.9,3008,794
717047459982213120,Fl√°vio,,12.0,10,1.2,6010,1823
716802964044845056,Link,,10.0,10,1.0,4107,1106
716791146589110272,Jennifur,,11.0,10,1.1,7876,1503
716439118184652801,Bluebert,,11.0,10,1.1,2286,200
716285507865542656,Stephanus,,12.0,10,1.2,2659,997
715928423106027520,Bubbles,,11.0,10,1.1,3057,835
715733265223708672,,,10.0,10,1.0,4475,1608
715696743237730304,Toby,,10.0,10,1.0,3747,1226
715680795826982913,Zeus,,12.0,10,1.2,4103,1518
715360349751484417,Bertson,,11.0,10,1.1,5233,1488
715342466308784130,Oscar,,10.0,10,1.0,2919,652
715220193576927233,Nico,,10.0,10,1.0,2320,614
715200624753819648,Michelangelope,,12.0,10,1.2,4931,1768
715009755312439296,Siba,,12.0,10,1.2,3974,1162
714982300363173890,Calbert,,9.0,10,0.9,3565,985
714957620017307648,Curtis,,10.0,10,1.0,3969,1343
714631576617938945,Benedict,,4.0,10,0.4,3130,944
714258258790387713,Travis,,10.0,10,1.0,2910,696
714251586676113411,Thumas,,8.0,10,0.8,3132,793
714214115368108032,,,13.0,10,1.3,2186,830
714141408463036416,,,10.0,10,1.0,4139,1334
713919462244790272,Kanu,,12.0,10,1.2,3154,755
713761197720473600,Piper,,12.0,10,1.2,4654,1298
713411074226274305,,,11.0,10,1.1,4246,1241
713177543487135744,Lance,,10.0,10,1.0,6910,2727
713175907180089344,Opie,,10.0,10,1.0,4262,1398
712809025985978368,Stubert,,10.0,10,1.0,18235,6383
712717840512598017,,,10.0,10,1.0,11786,4710
712668654853337088,Sunny,,10.0,10,1.0,3984,1149
712438159032893441,Kane,,11.0,10,1.1,5086,1487
712097430750289920,,,10.0,10,1.0,3617,982
712092745624633345,Steven,,7.0,10,0.7,2822,850
712085617388212225,Olive,,11.0,10,1.1,3134,465
712065007010385924,Chester,,6.0,10,0.6,2160,593
711998809858043904,,,12.0,10,1.2,0,123
711743778164514816,Roosevelt,,11.0,10,1.1,2721,946
711732680602345472,,,10.0,10,1.0,8420,3876
711694788429553666,,,13.0,10,1.3,31427,17405
711652651650457602,Gary,,9.0,10,0.9,3695,862
711363825979756544,,,11.0,10,1.1,3473,1078
711306686208872448,,,3.0,10,0.3,3165,705
710997087345876993,Milo,,12.0,10,1.2,4388,1322
710844581445812225,Staniel,,10.0,10,1.0,2440,647
710833117892898816,Sora,,12.0,10,1.2,2570,504
710588934686908417,Beemo,,12.0,10,1.2,4346,1768
710283270106132480,Gunner,,11.0,10,1.1,2070,496
710272297844797440,,,11.0,10,1.1,4334,1190
710269109699739648,,,13.0,10,1.3,2293,1064
710153181850935296,Lacy,,11.0,10,1.1,2794,852
710140971284037632,Tater,,8.0,10,0.8,2638,843
709918798883774466,Watson,,12.0,10,1.2,3352,1032
709852847387627521,,,12.0,10,1.2,3356,1143
709566166965075968,Olaf,,12.0,10,1.2,3393,1137
709556954897764353,Cecil,,12.0,10,1.2,3139,1018
709519240576036864,Vince,,9.0,10,0.9,1434,226
709449600415961088,Karma,,10.0,10,1.0,2112,541
709409458133323776,Billy,,8.0,10,0.8,2528,647
709225125749587968,Walker,,11.0,10,1.1,2302,543
709207347839836162,Penny,,11.0,10,1.1,11957,5470
709198395643068416,,,45.0,50,0.9,2355,610
709158332880297985,Rodney,,10.0,10,1.0,1952,392
709042156699303936,Klevin,,9.0,10,0.9,4531,1551
708834316713893888,Malikai,,10.0,10,1.0,1619,475
708810915978854401,Mister,,10.0,10,1.0,15793,6556
708738143638450176,Coco,,11.0,10,1.1,2647,778
708711088997666817,Smokey,,11.0,10,1.1,2427,681
708479650088034305,Bear,,13.0,10,1.3,2440,645
708469915515297792,Bobble,,11.0,10,1.1,2974,776
708356463048204288,Oliver,,10.0,10,1.0,3430,1254
708349470027751425,River,,11.0,10,1.1,2257,704
708149363256774660,Jebberson,,10.0,10,1.0,4128,1480
708130923141795840,,,11.0,10,1.1,3243,816
708119489313951744,Cooper,,9.0,10,0.9,2577,936
708109389455101952,Remington,,10.0,10,1.0,1875,531
708026248782585858,,,13.0,10,1.3,4218,1833
707995814724026368,Farfle,,12.0,10,1.2,2997,1073
707969809498152960,Rufus,,11.0,10,1.1,2577,914
707776935007539200,Sadie,,11.0,10,1.1,3146,912
707741517457260545,,,10.0,10,1.0,2386,584
707693576495472641,Jiminus,,7.0,10,0.7,3252,952
707610948723478529,Harper,,12.0,10,1.2,16267,6020
707420581654872064,Keurig,,4.0,10,0.4,2161,663
707387676719185920,Clarkus,,10.0,10,1.0,3350,1210
707377100785885184,,,9.0,10,0.9,3126,1030
707297311098011648,Cassie,,10.0,10,1.0,2676,743
707059547140169728,Cupcake,,11.0,10,1.1,2487,643
707038192327901184,Kathmandu,,10.0,10,1.0,2094,750
707021089608753152,Tucker,,12.0,10,1.2,3908,1288
707014260413456384,Ellie,,11.0,10,1.1,2218,569
706901761596989440,Elliot,,3.0,10,0.3,1961,552
706681918348251136,Katie,,12.0,10,1.2,3165,930
706644897839910912,Shadow,,9.0,10,0.9,2457,1040
706593038911545345,,,10.0,10,1.0,2072,603
706538006853918722,Oliver,,11.0,10,1.1,3342,1364
706516534877929472,,,12.0,10,1.2,2995,980
706346369204748288,Koda,,12.0,10,1.2,3310,881
706291001778950144,,,11.0,10,1.1,1638,455
706265994973601792,Kara,,11.0,10,1.1,2624,886
706166467411222528,Dexter,,7.0,10,0.7,4944,1522
705970349788291072,Lucy,,12.0,10,1.2,3047,853
705898680587526145,Max,,10.0,10,1.0,2280,527
705591895322394625,,,11.0,10,1.1,3043,1095
705475953783398401,Zara,,12.0,10,1.2,2847,870
705442520700944385,Cooper,,12.0,10,1.2,4220,1528
705239209544720384,Jimothy,,11.0,10,1.1,2873,720
705223444686888960,Bode,,9.0,10,0.9,2482,759
705102439679201280,Terrenth,,10.0,10,1.0,2052,492
705066031337840642,Reese,,12.0,10,1.2,2099,583
704871453724954624,,,12.0,10,1.2,4104,1068
704847917308362754,,,12.0,10,1.2,4867,1443
704819833553219584,Chesterson,,7.0,10,0.7,2536,932
704499785726889984,,,12.0,10,1.2,2787,954
704480331685040129,Lucia,,11.0,10,1.1,3262,1024
704364645503647744,Bisquick,,12.0,10,1.2,7648,3383
704113298707505153,Stanley,,8.0,10,0.8,1784,547
703774238772166656,,,10.0,10,1.0,1774,434
703769065844768768,,,10.0,10,1.0,3127,1087
703631701117943808,Bella,,11.0,10,1.1,2463,637
703382836347330562,Charlie,,12.0,10,1.2,3360,1090
703356393781329922,Socks,,9.0,10,0.9,1840,369
703079050210877440,,,11.0,10,1.1,7093,2936
703041949650034688,,,10.0,10,1.0,25248,11838
702932127499816960,Chip,,6.0,10,0.6,2477,684
702684942141153280,Lucy,,11.0,10,1.1,3099,1015
702671118226825216,Rambo,,10.0,10,1.0,2099,535
702539513671897089,,,12.0,10,1.2,2771,915
702321140488925184,,,12.0,10,1.2,3145,1001
702276748847800320,,,11.0,10,1.1,2363,732
702217446468493312,,,9.0,10,0.9,4594,1281
701981390485725185,Fiji,,12.0,10,1.2,3304,937
701952816642965504,Rilo,,11.0,10,1.1,3688,979
701889187134500865,Bilbo,,11.0,10,1.1,3397,1322
701601587219795968,Coopson,,10.0,10,1.0,2018,434
701570477911896070,Yoda,,9.0,10,0.9,2707,884
701214700881756160,,,12.0,10,1.2,11710,4847
700890391244103680,Chet,,11.0,10,1.1,2130,538
700847567345688576,Crouton,,10.0,10,1.0,2356,476
700796979434098688,Daniel,,7.0,10,0.7,2342,893
700747788515020802,,,11.0,10,1.1,21857,8829
700518061187723268,Vincent,,10.0,10,1.0,2507,759
700505138482569216,Kaia,,12.0,10,1.2,2194,547
700462010979500032,Murphy,,6.0,10,0.6,3954,1695
700167517596164096,Dotsy,,10.0,10,1.0,2530,698
700062718104104960,Eazy,,6.0,10,0.6,2537,651
700029284593901568,Coops,,10.0,10,1.0,1993,555
700002074055016451,Thumas,,9.0,10,0.9,3173,1273
699788877217865730,Nala,,12.0,10,1.2,2145,488
699779630832685056,,,10.0,10,1.0,2617,1178
699775878809702401,Fillup,,11.0,10,1.1,1883,578
699691744225525762,Dave,,5.0,10,0.5,9853,4376
699446877801091073,Archie,,12.0,10,1.2,5715,2501
699423671849451520,,,10.0,10,1.0,1305,306
699413908797464576,Miley,,11.0,10,1.1,2004,596
699370870310113280,Calbert,,11.0,10,1.1,1825,416
699323444782047232,,,10.0,10,1.0,3026,825
699088579889332224,Charl,,3.0,10,0.3,2162,593
699079609774645248,Reagan,,8.0,10,0.8,2349,616
699072405256409088,,,12.0,10,1.2,2841,1133
698989035503689728,Oliver,,13.0,10,1.3,3207,927
698953797952008193,CeCe,,11.0,10,1.1,2572,871
698907974262222848,,,10.0,10,1.0,2427,592
698710712454139905,Cuddles,,10.0,10,1.0,2372,650
698703483621523456,Rusty,,7.0,10,0.7,1391,356
698635131305795584,,,12.0,10,1.2,1248,328
698549713696649216,Claude,,9.0,10,0.9,2227,595
698355670425473025,Jessiga,,10.0,10,1.0,1771,426
698342080612007937,Maximus,,11.0,10,1.1,2171,919
698262614669991936,Franklin,,11.0,10,1.1,4577,1898
698195409219559425,Beau,,9.0,10,0.9,16080,5678
698178924120031232,Lily,,10.0,10,1.0,2705,707
697995514407682048,,,11.0,10,1.1,1458,321
697990423684476929,Doug,,11.0,10,1.1,3148,1225
697943111201378304,Cassie,,10.0,10,1.0,2296,645
697881462549430272,Carter,,10.0,10,1.0,2891,1107
697575480820686848,Ole,,8.0,10,0.8,1959,481
697482927769255936,Blipson,,11.0,10,1.1,2329,636
697463031882764288,,,44.0,40,1.1,3280,1337
697270446429966336,Bentley,,10.0,10,1.0,4521,1795
697259378236399616,,,8.0,10,0.8,3161,954
697255105972801536,Charlie,,10.0,10,1.0,2944,1104
697242256848379904,Oakley,,10.0,10,1.0,2434,640
696900204696625153,Rosie,,12.0,10,1.2,3045,979
696894894812565505,,,9.0,10,0.9,2243,648
696886256886657024,,,12.0,10,1.2,4651,1708
696754882863349760,Reptar,,10.0,10,1.0,1423,345
696488710901260288,,,12.0,10,1.2,2411,976
696405997980676096,Berb,,7.0,10,0.7,3076,1105
695816827381944320,,,11.0,10,1.1,2893,1099
695794761660297217,Wyatt,,13.0,10,1.3,3041,736
695629776980148225,Calvin,,8.0,10,0.8,4378,1996
695446424020918272,,,12.0,10,1.2,4239,1737
695409464418041856,Bob,,10.0,10,1.0,8323,3418
695314793360662529,Colin,,10.0,10,1.0,3478,1380
695064344191721472,,,4.0,10,0.4,1539,562
695051054296211456,Brian,,6.0,10,0.6,2549,759
694905863685980160,Archie,,10.0,10,1.0,2634,888
694669722378485760,Phil,,12.0,10,1.2,34351,13656
694352839993344000,Olivi√©r,,10.0,10,1.0,1955,580
694206574471057408,,,10.0,10,1.0,3995,1947
694183373896572928,Lola,,9.0,10,0.9,2825,886
694001791655137281,Chester,,11.0,10,1.1,3267,975
693942351086120961,Kobe,,10.0,10,1.0,1678,351
693647888581312512,,,7.0,10,0.7,2583,556
693642232151285760,Freddery,,9.0,10,0.9,2443,396
693622659251335168,,,10.0,10,1.0,1471,356
693486665285931008,Lincoln,,11.0,10,1.1,1694,600
693280720173801472,Sadie,,10.0,10,1.0,3212,1185
693231807727280129,Bodie,,9.0,10,0.9,2761,710
693155686491000832,Dunkin,,12.0,10,1.2,7563,3050
693109034023534592,,,11.0,10,1.1,1640,580
692919143163629568,,,9.0,10,0.9,2579,725
692901601640583168,,,10.0,10,1.0,1688,573
692894228850999298,Tupawc,,10.0,10,1.0,2170,756
692568918515392513,Chester,,12.0,10,1.2,4192,1469
692535307825213440,Amber,,10.0,10,1.0,3022,1295
692530551048294401,Cody,,10.0,10,1.0,1764,392
692187005137076224,,,12.0,10,1.2,2433,781
692158366030913536,Edgar,,10.0,10,1.0,2061,753
692017291282812928,Kingsley,,9.0,10,0.9,2775,904
691820333922455552,Brockly,,8.0,10,0.8,3807,1571
691756958957883396,,,10.0,10,1.0,2722,941
691675652215414786,Richie,,10.0,10,1.0,1875,483
691483041324204033,,,5.0,10,0.5,2296,532
691459709405118465,Leo,,12.0,10,1.2,3881,1081
691444869282295808,Bailey,,12.0,10,1.2,2530,805
691416866452082688,,,13.0,10,1.3,18568,7272
691321916024623104,Molly,,11.0,10,1.1,2477,630
691096613310316544,,,11.0,10,1.1,2857,840
691090071332753408,,,12.0,10,1.2,1661,320
690938899477221376,,,10.0,10,1.0,3930,1857
690932576555528194,Buddy,,12.0,10,1.2,3150,967
690735892932222976,Peaches,,13.0,10,1.3,3635,1211
690728923253055490,Vinscent,,8.0,10,0.8,2086,491
690690673629138944,Cedrick,,10.0,10,1.0,2234,781
690649993829576704,Hazel,,11.0,10,1.1,1248,262
690597161306841088,Lolo,,11.0,10,1.1,1866,576
690400367696297985,Eriq,,10.0,10,1.0,1811,429
690374419777196032,Phred,,11.0,10,1.1,3119,805
690360449368465409,,,9.0,10,0.9,2553,837
690248561355657216,Maxwell,,11.0,10,1.1,1613,393
690021994562220032,Geoff,,10.0,10,1.0,2687,977
690005060500217858,,,10.0,10,1.0,3522,1606
689999384604450816,Covach,,10.0,10,1.0,1357,350
689977555533848577,,,12.0,10,1.2,1316,428
689877686181715968,Durg,,9.0,10,0.9,2920,1105
689835978131935233,Fynn,,11.0,10,1.1,2091,720
689661964914655233,Luca,,12.0,10,1.2,3107,893
689659372465688576,Ricky,,8.0,10,0.8,9955,3660
689599056876867584,,,11.0,10,1.1,11189,5245
689557536375177216,,,12.0,10,1.2,1974,433
689517482558820352,Carl,,12.0,10,1.2,3257,1361
689289219123089408,,,13.0,10,1.3,2158,885
689283819090870273,Chipson,,9.0,10,0.9,3133,1046
689280876073582592,Herald,,10.0,10,1.0,1908,673
689275259254616065,Lucky,,10.0,10,1.0,1099,235
689154315265683456,,,9.0,10,0.9,2965,947
688908934925697024,Clarence,,8.0,10,0.8,2025,730
688898160958271489,,,10.0,10,1.0,2010,743
688828561667567616,Brad,,9.0,10,0.9,1328,348
688804835492233216,,,12.0,10,1.2,924,181
688789766343622656,Pubert,,8.0,10,0.8,2129,632
688547210804498433,Fr√∂nq,,9.0,10,0.9,2481,665
688385280030670848,Louis,,12.0,10,1.2,8890,4255
688211956440801280,Derby,,13.0,10,1.3,2160,790
688116655151435777,,,10.0,10,1.0,2713,737
688064179421470721,Kilo,,11.0,10,1.1,1663,345
687826841265172480,Louis,,12.0,10,1.2,2635,1068
687807801670897665,Trooper,,11.0,10,1.1,2287,682
687664829264453632,Opal,,11.0,10,1.1,1862,487
687494652870668288,Marq,,7.0,10,0.7,1827,549
687480748861947905,,,12.0,10,1.2,1537,229
687460506001633280,Kramer,,10.0,10,1.0,1976,514
687317306314240000,Tyrone,,11.0,10,1.1,19338,8730
687127927494963200,Gordon,,9.0,10,0.9,5202,2150
687124485711986689,Samson,,11.0,10,1.1,2102,481
687109925361856513,Baxter,,11.0,10,1.1,5582,2341
687102708889812993,,,5.0,10,0.5,2253,921
686947101016735744,Jackson,,11.0,10,1.1,8295,3045
686749460672679938,,,8.0,10,0.8,3342,1379
686730991906516992,,,12.0,10,1.2,3963,1144
686606069955735556,Horace,,10.0,10,1.0,1815,519
686386521809772549,Crimson,,11.0,10,1.1,3131,840
686358356425093120,,,10.0,10,1.0,2088,629
686050296934563840,Fl√°vio,,11.0,10,1.1,2137,695
686034024800862208,,,12.0,10,1.2,2953,1088
686003207160610816,Hammond,,3.0,10,0.3,1756,590
685973236358713344,Lorelei,,11.0,10,1.1,2013,494
685906723014619143,Olive,,9.0,10,0.9,7177,2717
685663452032069632,Brooks,,12.0,10,1.2,3087,1389
685532292383666176,,,9.0,10,0.9,2915,1101
685325112850124800,,,10.0,10,1.0,9039,3763
685321586178670592,Rocky,,10.0,10,1.0,2534,596
685315239903100929,,,11.0,10,1.1,3151,993
685198997565345792,Alfie,,11.0,10,1.1,2240,635
684959798585110529,Jerry,,5.0,10,0.5,6532,2973
684940049151070208,Oreo,,12.0,10,1.2,3070,988
684926975086034944,Bruiser,,11.0,10,1.1,3350,443
684914660081053696,,,12.0,10,1.2,3362,1383
684902183876321280,Perry,,11.0,10,1.1,1793,503
684800227459624960,Theodore,,11.0,10,1.1,2614,950
684594889858887680,,,10.0,10,1.0,8523,3330
684567543613382656,Bobby,,4.0,10,0.4,2885,1153
684481074559381504,Pippa,,10.0,10,1.0,3722,1121
684460069371654144,Jeph,,10.0,10,1.0,1891,530
684241637099323392,Obi,,12.0,10,1.2,7773,3109
684195085588783105,Tino,,9.0,10,0.9,1827,486
684188786104872960,,,10.0,10,1.0,3358,1103
684177701129875456,Kulet,,10.0,10,1.0,1940,628
684122891630342144,,,11.0,10,1.1,1924,446
684097758874210310,Lupe,,10.0,10,1.0,3947,1359
683852578183077888,Tiger,,10.0,10,1.0,1869,330
683849932751646720,Jiminy,,5.0,10,0.5,2503,907
683773439333797890,Buddy,,9.0,10,0.9,3210,1282
683742671509258241,Sebastian,,11.0,10,1.1,6198,3155
683498322573824003,Griffin,,11.0,10,1.1,3042,922
683449695444799489,,,10.0,10,1.0,3709,1526
683391852557561860,Jack,,11.0,10,1.1,7329,2275
683357973142474752,,,10.0,10,1.0,2779,869
683098815881154561,,,12.0,10,1.2,2085,624
683030066213818368,Lulu,,10.0,10,1.0,2077,712
682962037429899265,Darrel,,10.0,10,1.0,35194,15594
682750546109968385,Taco,,9.0,10,0.9,1453,414
682697186228989953,,,12.0,10,1.2,1260,345
682662431982772225,Joey,,11.0,10,1.1,2927,1028
682638830361513985,,,12.0,10,1.2,1983,563
682429480204398592,,,8.0,10,0.8,3300,1093
682393905736888321,Kreg,,11.0,10,1.1,2149,630
682389078323662849,Brody,,9.0,10,0.9,1600,446
682303737705140231,Todo,,9.0,10,0.9,2942,929
682259524040966145,Jax,,9.0,10,0.9,3968,1129
682242692827447297,Samson,,11.0,10,1.1,3094,1088
682059653698686977,Tess,,11.0,10,1.1,4726,1594
682047327939461121,,,10.0,10,1.0,3067,889
682032003584274432,Ulysses,,11.0,10,1.1,6302,1884
682003177596559360,,,5.0,10,0.5,2989,1439
681981167097122816,Jimothy,,12.0,10,1.2,2693,983
681610798867845120,,,12.0,10,1.2,1814,443
681579835668455424,Apollo,,8.0,10,0.8,3392,1235
681523177663676416,Carly,,12.0,10,1.2,13663,5455
681339448655802368,Asher,,9.0,10,0.9,8904,3881
681320187870711809,Glacier,,11.0,10,1.1,2529,705
681302363064414209,Chuck,,3.0,10,0.3,3763,1724
681297372102656000,,,12.0,10,1.2,3080,903
681281657291280384,Sarge,,11.0,10,1.1,3093,1045
681261549936340994,Panda,,9.0,10,0.9,1399,251
681242418453299201,Champ,,10.0,10,1.0,1424,501
681193455364796417,Aspen,,11.0,10,1.1,3544,1401
680970795137544192,,,9.0,10,0.9,2307,619
680959110691590145,Ozzie,,9.0,10,0.9,4397,1899
680940246314430465,Alice,,4.0,10,0.4,3056,988
680934982542561280,Sadie,,10.0,10,1.0,2005,412
680913438424612864,Griswold,,11.0,10,1.1,2313,587
680889648562991104,Cheesy,,9.0,10,0.9,1692,349
680801747103793152,,,10.0,10,1.0,2280,776
680798457301471234,Moofasa,,6.0,10,0.6,2723,981
680609293079592961,Brody,,9.0,10,0.9,2512,660
680497766108381184,Percy,,12.0,10,1.2,4052,1814
680440374763077632,,,11.0,10,1.1,1393,474
680221482581123072,CeCe,,10.0,10,1.0,1416,280
680206703334408192,Toby,,12.0,10,1.2,2706,1106
680161097740095489,Goliath,,12.0,10,1.2,2229,699
680130881361686529,Reggie,,10.0,10,1.0,2197,890
680115823365742593,Ozzy,,9.0,10,0.9,2606,863
680085611152338944,,,12.0,10,1.2,12267,8540
680070545539371008,Emmie,,9.0,10,0.9,2477,815
680055455951884288,Sammy,,10.0,10,1.0,,
679877062409191424,Penelope,,5.0,10,0.5,1891,611
679862121895714818,,,11.0,10,1.1,2353,585
679854723806179328,Bruce,,7.0,10,0.7,2731,1161
679844490799091713,Willie,,10.0,10,1.0,2269,718
679736210798047232,,,9.0,10,0.9,2001,748
679729593985699840,Hunter,,8.0,10,0.8,2075,787
679722016581222400,Mike,,8.0,10,0.8,1592,444
679530280114372609,,,7.0,10,0.7,4561,1970
679511351870550016,William,,7.0,10,0.7,3216,1196
679475951516934144,Evy,,9.0,10,0.9,1999,607
679462823135686656,Hurley,,11.0,10,1.1,30019,17733
679158373988876288,Rubio,,11.0,10,1.1,20255,7588
679148763231985668,,,8.0,10,0.8,2664,970
679132435750195208,Louis,,10.0,10,1.0,2840,1093
679111216690831360,,,12.0,10,1.2,5669,2446
679062614270468097,Chompsky,,11.0,10,1.1,16150,7593
679047485189439488,,,9.0,10,0.9,2147,622
678991772295516161,,,12.0,10,1.2,2166,1090
678969228704284672,Lola,,11.0,10,1.1,1564,430
678798276842360832,Linda,,7.0,10,0.7,3291,1092
678774928607469569,Tug,,11.0,10,1.1,2678,854
678767140346941444,Mia,,8.0,10,0.8,3350,1281
678764513869611008,Wilson,,10.0,10,1.0,1550,442
678755239630127104,Dash,,10.0,10,1.0,6733,3085
678740035362037760,Tango,,6.0,10,0.6,3560,1566
678675843183484930,,,2.0,10,0.2,2707,1377
678643457146150913,Grizz,,10.0,10,1.0,1955,379
678446151570427904,,,10.0,10,1.0,3812,1446
678424312106393600,Crystal,,2.0,10,0.2,5191,2398
678410210315247616,Jerome,,10.0,10,1.0,3991,1696
678399652199309312,,,12.0,10,1.2,76226,29942
678396796259975168,,,12.0,10,1.2,1512,395
678380236862578688,Crumpet,,10.0,10,1.0,2309,848
678334497360859136,Rosie,,10.0,10,1.0,1229,235
678255464182861824,Jessifer,,9.0,10,0.9,1510,346
678021115718029313,Reese,,12.0,10,1.2,12898,5922
677918531514703872,,,10.0,10,1.0,1263,383
677895101218201600,,,9.0,10,0.9,4571,1942
677716515794329600,,,144.0,120,1.2,2890,920
677700003327029250,Ralph,,10.0,10,1.0,3215,1353
677698403548192770,Sadie,,9.0,10,0.9,1166,302
677687604918272002,,,11.0,10,1.1,2361,795
677673981332312066,,,9.0,10,0.9,3156,1409
677662372920729601,,,12.0,10,1.2,1841,888
677644091929329666,,,11.0,10,1.1,1767,761
677573743309385728,Sandy,,10.0,10,1.0,2022,651
677565715327688705,,,6.0,10,0.6,1237,431
677547928504967168,,,12.0,10,1.2,6545,3456
677530072887205888,Axel,,9.0,10,0.9,1006,216
677334615166730240,,,9.0,10,0.9,1275,268
677331501395156992,Humphrey,,9.0,10,0.9,1032,221
677328882937298944,Derek,,10.0,10,1.0,3457,1416
677314812125323265,Tassy,,10.0,10,1.0,1563,503
677301033169788928,Juckson,,5.0,10,0.5,1165,376
677228873407442944,Chuq,,11.0,10,1.1,3358,1537
677187300187611136,,,9.0,10,0.9,2579,853
676975532580409345,Cooper,,11.0,10,1.1,2619,1003
676957860086095872,,,10.0,10,1.0,2113,762
676949632774234114,Tyrus,,8.0,10,0.8,1240,370
676948236477857792,Karl,,6.0,10,0.6,2039,808
676946864479084545,,,12.0,10,1.2,1639,343
676942428000112642,,,9.0,10,0.9,1957,702
676897532954456065,,,5.0,10,0.5,2132,684
676864501615042560,Ash,,10.0,10,1.0,1975,657
676821958043033607,,,11.0,10,1.1,21591,14488
676811746707918848,Penny,,9.0,10,0.9,1352,403
676776431406465024,,,10.0,10,1.0,4719,1897
676613908052996102,,,12.0,10,1.2,1026,185
676606785097199616,,,12.0,10,1.2,1797,406
676588346097852417,Bubbles,,5.0,10,0.5,2177,733
676582956622721024,Vinnie,,8.0,10,0.8,1119,254
676533798876651520,,,12.0,10,1.2,1768,518
676496375194980353,Griffin,,9.0,10,0.9,1437,500
676430933382295552,Duke,,10.0,10,1.0,1320,317
676237365392908289,Winston,,8.0,10,0.8,1138,263
676219687039057920,Kenneth,,10.0,10,1.0,72201,28969
676215927814406144,Herm,,9.0,10,0.9,1631,535
676191832485810177,,,10.0,10,1.0,2135,961
676146341966438401,Bert,,10.0,10,1.0,1812,620
676101918813499392,Striker,,11.0,10,1.1,2666,1093
676098748976615425,,,3.0,10,0.3,2811,1311
676089483918516224,,,9.0,10,0.9,1231,408
675891555769696257,Donny,,6.0,10,0.6,1999,793
675888385639251968,,,10.0,10,1.0,2228,886
675878199931371520,,,11.0,10,1.1,3925,1307
675822767435051008,,,10.0,10,1.0,1430,504
675798442703122432,Bernie,,10.0,10,1.0,9654,3193
675781562965868544,Buddah,,11.0,10,1.1,1516,436
675710890956750848,Lenny,,12.0,10,1.2,1762,760
675706639471788032,,,10.0,10,1.0,610,87
675534494439489536,,,11.0,10,1.1,1734,382
675531475945709568,Ellie,,10.0,10,1.0,1113,356
675522403582218240,Sammy,,10.0,10,1.0,974,265
675517828909424640,,,12.0,10,1.2,1216,433
675501075957489664,,,13.0,10,1.3,16134,5449
675497103322386432,Reggie,,11.0,10,1.1,2939,1203
675489971617296384,,,10.0,10,1.0,1207,553
675483430902214656,,,5.0,10,0.5,1725,898
675372240448454658,,,13.0,10,1.3,1581,485
675362609739206656,Daisy,,12.0,10,1.2,990,210
675354435921575936,,,13.0,10,1.3,30494,15543
675166823650848770,Arnold,,10.0,10,1.0,3315,1460
675153376133427200,,,1.0,10,0.1,5846,2384
675149409102012420,,,12.0,10,1.2,3485,1577
675147105808306176,,,10.0,10,1.0,878,215
675146535592706048,Coops,,7.0,10,0.7,1105,271
675145476954566656,,,9.0,10,0.9,1997,829
675135153782571009,Steven,,5.0,10,0.5,1218,438
675111688094527488,Oliver,,8.0,10,0.8,896,229
675109292475830276,,,9.0,10,0.9,2618,1043
675047298674663426,,,11.0,10,1.1,988,295
675015141583413248,Moe,,10.0,10,1.0,2530,1096
675003128568291329,Laela,,12.0,10,1.2,1457,429
674805413498527744,,,10.0,10,1.0,802,331
674800520222154752,Tedders,,11.0,10,1.1,2811,791
674793399141146624,,,13.0,10,1.3,2334,1006
674790488185167872,,,13.0,10,1.3,1028,229
674788554665512960,Maggie,,9.0,10,0.9,752,194
674781762103414784,,,8.0,10,0.8,1872,1104
674767892831932416,,,12.0,10,1.2,1692,721
674764817387900928,,,10.0,10,1.0,736,214
674752233200820224,,,12.0,10,1.2,1360,423
674743008475090944,Sophie,,10.0,10,1.0,1303,501
674739953134403584,,,11.0,10,1.1,1016,354
674690135443775488,Patrick,,3.0,10,0.3,1065,437
674670581682434048,Jeb,,9.0,10,0.9,1505,598
674646392044941312,,,5.0,10,0.5,1333,449
674644256330530816,,,11.0,10,1.1,969,254
674632714662858753,,,5.0,10,0.5,1395,529
674468880899788800,Louis,,13.0,10,1.3,5820,1877
674436901579923456,Bailey,,9.0,10,0.9,1034,360
674422304705744896,Ava,,12.0,10,1.2,1334,495
674416750885273600,Jonah,,10.0,10,1.0,645,126
674410619106390016,Lenny,,10.0,10,1.0,1125,424
674394782723014656,Gary,,8.0,10,0.8,1398,523
674372068062928900,Chesney,,10.0,10,1.0,797,292
674291837063053312,Kenny,,11.0,10,1.1,13697,5390
674271431610523648,,,10.0,10,1.0,1450,676
674269164442398721,Bob,,8.0,10,0.8,850,213
674265582246694913,Henry,,2.0,10,0.2,1517,773
674255168825880576,Bobbay,,10.0,10,1.0,1357,496
674082852460433408,,,11.0,10,1.1,713,151
674075285688614912,Mitch,,11.0,10,1.1,929,262
674063288070742018,Earl,,5.0,10,0.5,5938,2003
674053186244734976,Stanley,,10.0,10,1.0,3073,1189
674051556661161984,Lucy,,10.0,10,1.0,1350,454
674042553264685056,,,12.0,10,1.2,667,116
674036086168010753,Daisy,,9.0,10,0.9,795,189
674024893172875264,,,10.0,10,1.0,1653,1128
674019345211760640,Acro,,10.0,10,1.0,1055,283
674014384960745472,Aiden,,11.0,10,1.1,1454,590
674008982932058114,,,10.0,10,1.0,1119,323
673906403526995968,,,3.0,10,0.3,2956,1515
673887867907739649,,,10.0,10,1.0,877,235
673715861853720576,,,4.0,10,0.4,3279,1890
673711475735838725,,,10.0,10,1.0,971,275
673709992831262724,,,12.0,10,1.2,784,246
673708611235921920,Riley,,12.0,10,1.2,994,262
673705679337693185,Dot,,8.0,10,0.8,1176,377
673700254269775872,,,3.0,10,0.3,1336,525
673689733134946305,,,11.0,10,1.1,1620,595
673688752737402881,Larry,,9.0,10,0.9,1175,453
673686845050527744,George,,11.0,10,1.1,1337,399
673680198160809984,Shnuggles,,13.0,10,1.3,1270,431
673662677122719744,Kendall,,12.0,10,1.2,1168,341
673636718965334016,,,10.0,10,1.0,1027,333
673583129559498752,Sandy,,11.0,10,1.1,1109,331
673580926094458881,,,8.0,10,0.8,774,253
673576835670777856,,,7.0,10,0.7,1282,516
673359818736984064,Steve,,8.0,10,0.8,1344,614
673355879178194945,Koda,,11.0,10,1.1,1396,526
673352124999274496,,,12.0,10,1.2,1553,495
673350198937153538,Bella,,9.0,10,0.9,710,195
673345638550134785,Gerald,,7.0,10,0.7,2324,1161
673343217010679808,,,11.0,10,1.1,900,246
673320132811366400,Frankie,,11.0,10,1.1,12469,7188
673317986296586240,,,10.0,10,1.0,818,227
673270968295534593,Mac,,11.0,10,1.1,996,333
673240798075449344,,,6.0,10,0.6,1323,649
673213039743795200,Dexter,,10.0,10,1.0,2063,767
672997845381865473,Kenzie,,12.0,10,1.2,1835,654
672995267319328768,Pumpkin,,8.0,10,0.8,880,268
672984142909456390,,,9.0,10,0.9,1171,504
672980819271634944,,,5.0,10,0.5,1691,931
672968025906282496,Gustaf,,11.0,10,1.1,1235,495
672964561327235073,Terry,,10.0,10,1.0,1316,589
672902681409806336,Jimison,,9.0,10,0.9,1278,453
672884426393653248,,,6.0,10,0.6,1426,774
672877615439593473,Oscar,,8.0,10,0.8,954,324
672834301050937345,Ed,,10.0,10,1.0,1209,525
672828477930868736,Jerry,,9.0,10,0.9,1154,444
672640509974827008,Leonidas,,9.0,10,0.9,913,287
672609152938721280,Caryl,,9.0,10,0.9,1018,355
672604026190569472,,,11.0,10,1.1,1024,363
672591762242805761,Taz,,10.0,10,1.0,882,303
672591271085670400,,,8.0,10,0.8,666,174
672538107540070400,Darby,,7.0,10,0.7,942,332
672523490734551040,,,10.0,10,1.0,580,151
672488522314567680,Jackie,,10.0,10,1.0,1034,397
672482722825261057,,,10.0,10,1.0,1040,545
672475084225949696,Buddy,,8.0,10,0.8,1341,645
672466075045466113,Franq,,12.0,10,1.2,1249,483
672272411274932228,Pippin,,11.0,10,1.1,5966,3076
672267570918129665,,,10.0,10,1.0,1369,564
672264251789176834,Kreg,,10.0,10,1.0,1049,307
672256522047614977,,,8.0,10,0.8,2614,1402
672248013293752320,,,10.0,10,1.0,1605,549
672245253877968896,Snickers,,12.0,10,1.2,627,143
672239279297454080,Ridley,,7.0,10,0.7,835,297
672231046314901505,,,5.0,10,0.5,1687,926
672222792075620352,Cal,,9.0,10,0.9,729,192
672169685991993344,Bradley,,10.0,10,1.0,942,335
672139350159835138,,,12.0,10,1.2,1611,634
672125275208069120,,,11.0,10,1.1,2204,1041
672095186491711488,Tuco,,9.0,10,0.9,921,339
672082170312290304,Patch,,11.0,10,1.1,874,336
672068090318987265,Gizmo,,7.0,10,0.7,1189,466
671896809300709376,Lola,,10.0,10,1.0,7885,3832
671891728106971137,Mojo,,11.0,10,1.1,1211,517
671882082306625538,Batdog,,11.0,10,1.1,3234,1273
671879137494245376,Brad,,5.0,10,0.5,1305,606
671874878652489728,Mia,,10.0,10,1.0,1159,506
671866342182637568,Dylan,,10.0,10,1.0,1040,445
671855973984772097,,,8.0,10,0.8,831,397
671789708968640512,,,13.0,10,1.3,6567,3168
671768281401958400,,,10.0,10,1.0,1104,450
671763349865160704,Mark,,9.0,10,0.9,1546,821
671744970634719232,,,6.0,10,0.6,1257,705
671743150407421952,,,11.0,10,1.1,698,217
671735591348891648,Oscar,,11.0,10,1.1,1333,689
671561002136281088,,,13.0,10,1.3,11852,6622
671547767500775424,Marley,,10.0,10,1.0,1253,537
671544874165002241,,,6.0,10,0.6,1812,952
671542985629241344,JD,,10.0,10,1.0,1006,517
671538301157904385,Baxter,,8.0,10,0.8,859,351
671536543010570240,Reginald,,9.0,10,0.9,1089,370
671533943490011136,,,6.0,10,0.6,937,529
671528761649688577,Jax,,10.0,10,1.0,777,234
671520732782923777,Alejandro,,10.0,10,1.0,1288,486
671518598289059840,Scruffers,,9.0,10,0.9,874,271
671511350426865664,Hammond,,8.0,10,0.8,1471,641
671504605491109889,Charlie,,11.0,10,1.1,6465,3279
671497587707535361,Pip,,11.0,10,1.1,857,413
671488513339211776,Julius,,8.0,10,0.8,924,439
671486386088865792,Malcolm,,10.0,10,1.0,530,180
671485057807351808,Penelope,,11.0,10,1.1,704,213
671390180817915904,,,7.0,10,0.7,1329,683
671362598324076544,Tanner,,11.0,10,1.1,1027,270
671357843010908160,,,9.0,10,0.9,369,143
671355857343524864,Lou,,10.0,10,1.0,445,111
671347597085433856,Lola,,9.0,10,0.9,879,388
671186162933985280,Sparky,,10.0,10,1.0,672,190
671182547775299584,,,12.0,10,1.2,1022,307
671166507850801152,Herm,,10.0,10,1.0,804,312
671163268581498880,,,8.0,10,0.8,1516,1012
671159727754231808,Anthony,,5.0,10,0.5,328,73
671154572044468225,Holly,,11.0,10,1.1,655,201
671151324042559489,,,12.0,10,1.2,614,139
671147085991960577,,,9.0,10,0.9,611,200
671141549288370177,,,9.0,10,0.9,1067,597
671138694582165504,,,10.0,10,1.0,849,368
671134062904504320,Clarence,,8.0,10,0.8,683,174
671122204919246848,,,4.0,10,0.4,3209,2293
671115716440031232,Phred,,6.0,10,0.6,1261,711
671109016219725825,Toby,,8.0,10,0.8,1059,397
670995969505435648,,,12.0,10,1.2,1014,265
670842764863651840,,,420.0,10,42.0,22885,7928
670840546554966016,Colby,,10.0,10,1.0,540,177
670838202509447168,,,4.0,10,0.4,1021,628
670833812859932673,Jett,,7.0,10,0.7,399,113
670832455012716544,Amy,,10.0,10,1.0,671,196
670826280409919488,,,2.0,10,0.2,5086,3690
670823764196741120,Remington,,12.0,10,1.2,713,169
670822709593571328,,,10.0,10,1.0,559,88
670815497391357952,Sage,,10.0,10,1.0,2918,1396
670811965569282048,Maggie,,10.0,10,1.0,1039,243
670807719151067136,Andy,,11.0,10,1.1,1081,447
670804601705242624,Mason,,10.0,10,1.0,1818,872
670803562457407488,,,10.0,10,1.0,315,82
670797304698376195,Trigger,,11.0,10,1.1,685,212
670792680469889025,Antony,,7.0,10,0.7,768,249
670789397210615808,,,9.0,10,0.9,612,218
670786190031921152,Creg,,8.0,10,0.8,555,183
670783437142401025,,,1.0,10,0.1,767,350
670782429121134593,,,5.0,10,0.5,1423,700
670780561024270336,Traviss,,7.0,10,0.7,732,265
670778058496974848,,,10.0,10,1.0,310,67
670764103623966721,Vincent,,10.0,10,1.0,1005,387
670755717859713024,Gin,,9.0,10,0.9,403,96
670733412878163972,Jerry,,8.0,10,0.8,889,466
670727704916926465,Jeffrie,,10.0,10,1.0,771,328
670717338665226240,,,12.0,10,1.2,1101,439
670704688707301377,Danny,,6.0,10,0.6,724,340
670691627984359425,Ester,,8.0,10,0.8,543,220
670679630144274432,Pluto,,8.0,10,0.8,692,256
670676092097810432,Bloo,,8.0,10,0.8,226,37
670668383499735048,Phineas,,10.0,10,1.0,9871,4547
670474236058800128,,,10.0,10,1.0,1396,676
670468609693655041,Edd,,10.0,10,1.0,331,80
670465786746662913,,,7.0,10,0.7,899,500
670452855871037440,,,11.0,10,1.1,506,188
670449342516494336,,,5.0,10,0.5,1115,592
670444955656130560,Paull,,10.0,10,1.0,6263,1807
670442337873600512,Koda,,11.0,10,1.1,597,184
670435821946826752,,,10.0,10,1.0,977,467
670434127938719744,Hank,,11.0,10,1.1,1311,589
670433248821026816,Sam,,10.0,10,1.0,305,103
670428280563085312,Willy,,11.0,10,1.1,1287,559
670427002554466305,,,9.0,10,0.9,484,146
670421925039075328,Herb,,12.0,10,1.2,1209,579
670420569653809152,Damon,,10.0,10,1.0,571,286
670417414769758208,,,6.0,10,0.6,528,299
670411370698022913,Scooter,,12.0,10,1.2,1869,815
670408998013820928,Peanut,,10.0,10,1.0,509,200
670403879788544000,Nigel,,10.0,10,1.0,394,139
670385711116361728,Larry,,8.0,10,0.8,519,190
670374371102445568,Daisy,,12.0,10,1.2,695,248
670361874861563904,,,9.0,10,0.9,304,60
670338931251150849,Butters,,10.0,10,1.0,397,101
670319130621435904,,,11.0,10,1.1,3610,1115
670303360680108032,,,9.0,10,0.9,404,119
670290420111441920,Sandra,,11.0,10,1.1,645,261
670093938074779648,Wally,,9.0,10,0.9,949,300
670086499208155136,,,10.0,10,1.0,646,229
670079681849372674,Fabio,,10.0,10,1.0,2045,1113
670073503555706880,Winston,,10.0,10,1.0,1442,714
670069087419133954,Randall,,5.0,10,0.5,574,217
670061506722140161,Liam,,11.0,10,1.1,696,301
670055038660800512,Tommy,,3.0,10,0.3,613,295
670046952931721218,Ben,,11.0,10,1.1,596,159
670040295598354432,,,10.0,10,1.0,697,103
670037189829525505,,,5.0,10,0.5,546,253
670003130994700288,Raphael,,10.0,10,1.0,308,84
669972011175813120,,,10.0,10,1.0,411,140
669970042633789440,Julio,,10.0,10,1.0,281,50
669942763794931712,Andru,,11.0,10,1.1,463,144
669926384437997569,,,12.0,10,1.2,348,88
669923323644657664,,,10.0,10,1.0,213,53
669753178989142016,Chester,,10.0,10,1.0,736,366
669749430875258880,Clarence,,8.0,10,0.8,238,60
669683899023405056,Kloey,,10.0,10,1.0,349,100
669682095984410625,Louie,,9.0,10,0.9,327,124
669680153564442624,Shawwn,,8.0,10,0.8,615,263
669661792646373376,,,5.0,10,0.5,747,388
669625907762618368,Penny,,12.0,10,1.2,3254,1647
669603084620980224,,,10.0,10,1.0,886,333
669597912108789760,Skye,,10.0,10,1.0,472,139
669583744538451968,,,6.0,10,0.6,1379,848
669573570759163904,Linda,,10.0,10,1.0,402,127
669571471778410496,Keith,,7.0,10,0.7,1467,923
669567591774625800,Kollin,,9.0,10,0.9,216,48
669564461267722241,,,10.0,10,1.0,361,109
669393256313184256,Ronduh,,10.0,10,1.0,328,66
669375718304980992,Billl,,6.0,10,0.6,1220,657
669371483794317312,Olivi√©r,,10.0,10,1.0,452,161
669367896104181761,Chip,,10.0,10,1.0,422,138
669363888236994561,,,10.0,10,1.0,579,208
669359674819481600,Saydee,,11.0,10,1.1,344,110
669354382627049472,Dug,,8.0,10,0.8,2494,1162
669351434509529089,Sully,,10.0,10,1.0,399,166
669328503091937280,Kirk,,12.0,10,1.2,939,381
669327207240699904,,,13.0,10,1.3,532,112
669324657376567296,Ralf,,11.0,10,1.1,456,192
669216679721873412,Clarq,,8.0,10,0.8,1100,366
669214165781868544,Jaspers,,10.0,10,1.0,402,144
669203728096960512,Samsom,,9.0,10,0.9,927,425
669037058363662336,,,10.0,10,1.0,603,284
669015743032369152,,,10.0,10,1.0,681,340
669006782128353280,Tucker,,12.0,10,1.2,534,221
669000397445533696,Terrance,,11.0,10,1.1,19340,5781
668994913074286592,,,5.0,10,0.5,406,204
668992363537309700,Harrison,,8.0,10,0.8,683,311
668989615043424256,Bernie,,3.0,10,0.3,623,303
668988183816871936,,,7.0,10,0.7,835,419
668986018524233728,Ruby,,9.0,10,0.9,510,149
668981893510119424,,,4.0,10,0.4,501,275
668979806671884288,Chaz,,12.0,10,1.2,735,316
668975677807423489,Jeremy,,11.0,10,1.1,1202,527
668960084974809088,Jaycob,,10.0,10,1.0,649,223
668955713004314625,,,10.0,10,1.0,254,65
668932921458302977,Herald,,9.0,10,0.9,236,53
668902994700836864,Lambeau,,11.0,10,1.1,295,91
668892474547511297,Ruffles,,11.0,10,1.1,370,135
668872652652679168,Am√©lie,,11.0,10,1.1,490,277
668852170888998912,Bobb,,11.0,10,1.1,420,147
668826086256599040,Banditt,,10.0,10,1.0,395,122
668815180734689280,,,7.0,10,0.7,516,236
668779399630725120,Kevon,,10.0,10,1.0,660,341
668655139528511488,Winifred,,11.0,10,1.1,487,201
668645506898350081,,,11.0,10,1.1,808,478
668643542311546881,,,3.0,10,0.3,807,470
668641109086707712,Hanz,,10.0,10,1.0,982,492
668636665813057536,,,10.0,10,1.0,957,451
668633411083464705,Churlie,,10.0,10,1.0,2576,1451
668631377374486528,Zeek,,5.0,10,0.5,655,292
668627278264475648,Timofy,,9.0,10,0.9,290,100
668625577880875008,Maks,,10.0,10,1.0,351,117
668623201287675904,Jomathan,,10.0,10,1.0,1303,684
668620235289837568,Kallie,,10.0,10,1.0,184,36
668614819948453888,,,7.0,10,0.7,572,290
668567822092664832,Marvin,,11.0,10,1.1,219,49
668544745690562560,,,10.0,10,1.0,473,208
668542336805281792,,,10.0,10,1.0,420,192
668537837512433665,Spark,,8.0,10,0.8,235,63
668528771708952576,G√≤rd√≥n,,12.0,10,1.2,429,202
668507509523615744,,,10.0,10,1.0,301,94
668496999348633600,Jo,,8.0,10,0.8,379,120
668484198282485761,,,9.0,10,0.9,388,214
668480044826800133,DayZ,,11.0,10,1.1,420,131
668466899341221888,,,4.0,10,0.4,810,464
668297328638447616,,,9.0,10,0.9,578,271
668291999406125056,,,10.0,10,1.0,225,29
668286279830867968,Rusty,,11.0,10,1.1,465,125
668274247790391296,Sophie,,10.0,10,1.0,760,211
668268907921326080,,,10.0,10,1.0,508,212
668256321989451776,Jareld,,13.0,10,1.3,1196,543
668248472370458624,Bisquick,,8.0,10,0.8,877,427
668237644992782336,Torque,,10.0,10,1.0,5691,2565
668226093875376128,,,10.0,10,1.0,269,91
668221241640230912,,,10.0,10,1.0,473,179
668204964695683073,Ron,,8.0,10,0.8,516,181
668190681446379520,Skittles,,12.0,10,1.2,599,182
668171859951755264,,,7.0,10,0.7,446,171
668154635664932864,,,9.0,10,0.9,462,285
668142349051129856,,,2.0,10,0.2,533,256
668113020489474048,Alfie,,6.0,10,0.6,617,216
667937095915278337,,,3.0,10,0.3,1150,725
667924896115245057,Jiminy,,9.0,10,0.9,275,98
667915453470232577,Otis,,10.0,10,1.0,196,51
667911425562669056,,,5.0,10,0.5,450,263
667902449697558528,Cleopatricia,,9.0,10,0.9,796,349
667886921285246976,Erik,,11.0,10,1.1,1721,973
667885044254572545,Stu,,10.0,10,1.0,765,425
667878741721415682,Tedrick,,2.0,10,0.2,368,106
667873844930215936,,,10.0,10,1.0,577,369
667866724293877760,Shaggy,,10.0,10,1.0,2807,938
667861340749471744,,,9.0,10,0.9,227,74
667832474953625600,,,12.0,10,1.2,267,57
667806454573760512,Filup,,10.0,10,1.0,972,448
667801013445750784,,,12.0,10,1.2,295,85
667793409583771648,,,8.0,10,0.8,639,304
667782464991965184,,,9.0,10,0.9,377,225
667773195014021121,,,8.0,10,0.8,213,47
667766675769573376,Calvin,,9.0,10,0.9,395,199
667728196545200128,Olive,,11.0,10,1.1,343,138
667724302356258817,,,7.0,10,0.7,441,286
667550904950915073,,,12.0,10,1.2,0,30
667550882905632768,,,5.0,10,0.5,0,26
667549055577362432,,,1.0,10,0.1,5303,2047
667546741521195010,George,,9.0,10,0.9,314,115
667544320556335104,Kial,,10.0,10,1.0,788,482
667538891197542400,,,9.0,10,0.9,188,59
667534815156183040,Frank,,8.0,10,0.8,749,480
667530908589760512,Naphaniel,,10.0,10,1.0,432,218
667524857454854144,,,12.0,10,1.2,1562,1020
667517642048163840,Dook,,8.0,10,0.8,341,176
667509364010450944,,,12.0,10,1.2,6286,1936
667502640335572993,Hall,,11.0,10,1.1,502,201
667495797102141441,Philippe,,9.0,10,0.9,480,242
667491009379606528,,,7.0,10,0.7,480,205
667470559035432960,,,11.0,10,1.1,232,88
667455448082227200,Reese,,7.0,10,0.7,178,56
667453023279554560,Cupcake,,11.0,10,1.1,291,80
667443425659232256,,,6.0,10,0.6,713,525
667437278097252352,,,10.0,10,1.0,410,213
667435689202614272,,,12.0,10,1.2,283,79
667405339315146752,Biden,,7.0,10,0.7,431,203
667393430834667520,Fwed,,8.0,10,0.8,178,51
667369227918143488,,,10.0,10,1.0,337,151
667211855547486208,Genevieve,,9.0,10,0.9,445,220
667200525029539841,Joshwa,,11.0,10,1.1,569,238
667192066997374976,,,12.0,10,1.2,351,88
667188689915760640,,,10.0,10,1.0,673,355
667182792070062081,Timison,,10.0,10,1.0,13089,5545
667177989038297088,,,8.0,10,0.8,175,50
667176164155375616,,,4.0,10,0.4,554,414
667174963120574464,Clarence,,9.0,10,0.9,226,71
667171260800061440,Kenneth,,10.0,10,1.0,200,74
667165590075940865,Churlie,,10.0,10,1.0,2467,1023
667160273090932737,Bradlay,,11.0,10,1.1,232,55
667152164079423490,Pipsy,,12.0,10,1.2,43830,15243
667138269671505920,,,10.0,10,1.0,4181,1972
667119796878725120,Gabe,,10.0,10,1.0,303,118
667090893657276420,Clybe,,7.0,10,0.7,303,112
667073648344346624,Dave,,10.0,10,1.0,368,106
667065535570550784,,,8.0,10,0.8,153,40
667062181243039745,Keet,,10.0,10,1.0,201,47
667044094246576128,,,12.0,10,1.2,172,44
667012601033924608,Klevin,,9.0,10,0.9,415,197
666996132027977728,Carll,,10.0,10,1.0,222,80
666983947667116034,,,11.0,10,1.1,2331,880
666837028449972224,,,3.0,10,0.3,738,494
666835007768551424,,,10.0,10,1.0,190,71
666826780179869698,,,12.0,10,1.2,233,81
666817836334096384,Jeph,,9.0,10,0.9,465,227
666804364988780544,Jockson,,8.0,10,0.8,212,82
666786068205871104,,,2.0,10,0.2,684,433
666781792255496192,,,10.0,10,1.0,350,173
666776908487630848,Josep,,5.0,10,0.5,316,152
666739327293083650,Lugan,,10.0,10,1.0,214,60
666701168228331520,,,8.0,10,0.8,388,194
666691418707132416,Christoper,,8.0,10,0.8,168,44
666649482315059201,,,4.0,10,0.4,1018,563
666644823164719104,Jimothy,,9.0,10,0.9,215,73
666454714377183233,Kreggory,,10.0,10,1.0,465,191
666447344410484738,Scout,,9.0,10,0.9,94,18
666437273139982337,,,7.0,10,0.7,110,42
666435652385423360,,,10.0,10,1.0,146,45
666430724426358785,,,6.0,10,0.6,288,172
666428276349472768,,,7.0,10,0.7,147,70
666421158376562688,,,12.0,10,1.2,289,95
666418789513326592,Walter,,10.0,10,1.0,110,39
666411507551481857,,,2.0,10,0.2,390,283
666407126856765440,,,7.0,10,0.7,98,31
666396247373291520,,,9.0,10,0.9,151,72
666373753744588802,,,11.0,10,1.1,166,75
666362758909284353,,,6.0,10,0.6,686,494
666353288456101888,,,8.0,10,0.8,190,63
666345417576210432,,,10.0,10,1.0,264,128
666337882303524864,,,9.0,10,0.9,174,80
666293911632134144,,,3.0,10,0.3,447,305
666287406224695296,,,9.0,10,0.9,131,57
666273097616637952,,,11.0,10,1.1,156,69
666268910803644416,,,10.0,10,1.0,93,32
666104133288665088,,,1.0,10,0.1,13110,5719
666102155909144576,,,11.0,10,1.1,69,11
666099513787052032,,,8.0,10,0.8,139,56
666094000022159362,,,9.0,10,0.9,152,65
666082916733198337,,,6.0,10,0.6,100,41
666073100786774016,,,10.0,10,1.0,279,140
666071193221509120,,,9.0,10,0.9,134,52
666063827256086533,,,10.0,10,1.0,428,188
666058600524156928,,,8.0,10,0.8,103,49
666057090499244032,,,9.0,10,0.9,262,117
666055525042405380,,,10.0,10,1.0,394,210
666051853826850816,,,2.0,10,0.2,1080,739
666050758794694657,,,10.0,10,1.0,119,51
666049248165822465,,,5.0,10,0.5,93,38
666044226329800704,,,6.0,10,0.6,258,122
666033412701032449,,,9.0,10,0.9,106,39
666029285002620928,,,7.0,10,0.7,117,41
666020888022790149,,,8.0,10,0.8,2339,442
